name,latitude,location_comments,ext_id,farmer,longitude
Acosta,-5.7069885807926655,San Isidro,uuid:d3f2dacd-332d-45b7-a466-9e32a178a1e8,aeps-42537473-Acosta,-78.78802445692224
Agencia agraria,-5.675724072229341,Aagencia agraria,uuid:279e4a36-31a9-4d90-8dc3-9bb683e49649,aeps-27702389-Agencia agraria,-78.77257226415308
Alenya,-5.686595274235841,Alenya,uuid:2ee6a31f-86b0-434a-ae41-43394df67a9e,aeps-40693987-Alenya,-78.4790188852158
Algarrobal,-5.586088504045017,El abarrobal,uuid:f8b64f26-d958-4783-ac66-ad1ff0b14e35,aeps-77094312-Algarrobal,-78.79335321485996
Algarrobo,-6.759979111946255,,uuid:0d43420a-9e9b-44f6-a89b-1dda3cb1780b,aeps-40347647-Algarrobo,-79.8888910934329
Algarrobo,-6.504565113837344,,uuid:ee0eee34-4840-45c1-8f1a-2c793c4a1e5c,aeps-00253862-Algarrobo,-79.84334584325552
Angel Gomes,-5.550674996426658,Costado de la carretera a tocaquillo,uuid:43c1f8f7-7c1d-4e50-9e99-aff98ab9a99f,aeps-42591711-Angel Gomes,-78.81902956047993
Antonio Cotrina,-5.6382978297897,Por el fundo de Requejo,uuid:d69cd914-9945-4e45-9857-9fb47f8827c3,aeps-42216346-Antonio Cotrina,-78.6520994036303
Arenal,-6.507110794368187,,uuid:2259ddd8-39c0-460a-a837-790943710808,aeps-45804052-Arenal,-79.8475656285882
Arenal,-6.473958310104355,,uuid:a765554c-aa22-45e3-a5cf-0bf18f65f863,aeps-71681034-Arenal,-79.87634506076574
Arenal,-6.467031987549069,,uuid:f37e1554-49d9-49a9-a821-6050c1d89adb,aeps-16487655-Arenal,-79.80960935354234
Aserrillo,-5.343192098793406,Filo de pista,uuid:0a877e75-7c89-4003-9c66-0f09636b9bde,aeps-42022734-Aserrillo,-78.79650617711954
Avalos,-5.569806504710015,Serca al pueblo,uuid:b6bb2009-f76e-4a54-b1eb-48be819c9f7f,aeps-27715816-Avalos,-78.81906319409609
Batangrande,-6.4739406537826305,,uuid:22c57c74-60e5-40d3-be4f-d7c0d3de9ae5,aeps-16640007-Batangrande,-79.65587183833122
Bella Villa,-5.653863725225187,Filo de pista,uuid:6eacc244-9e2e-4e43-acc2-e8905790306b,aeps-27682277-Bella Villa,-78.69299197197111
Bellavista viejo,-5.682141366529884,Por la carretera a la pushura,uuid:0fd9cde8-fc60-4249-80a2-9ab02d2f9aa4,aeps-27681737-Bellavista viejo,-78.68431023028764
Boro II,-6.758893043231407,,uuid:58f428fa-be46-4f45-9c3e-e243e8cd3733,aeps-45067695-Boro II,-79.77113507688046
Boro II,-6.75259665995629,,uuid:6040d825-0847-416b-85ef-7f7aac3bd72b,aeps-42825828-Boro II,-79.87864907830954
Boro II,-6.7556721126538575,,uuid:6bac5b7f-68d8-4522-9e5e-dcbac565599e,aeps-10429954-Boro II,-79.76826779544353
Boro II,-6.76326860009176,,uuid:7455cddb-77b2-4f12-82af-b83a7ab85bd0,aeps-28224852-Boro II,-79.76812195032835
Boro II,-6.761821294655211,,uuid:aa3620dd-1a64-415a-a4ce-78fbc40c8b16,aeps-42877603-Boro II,-79.76760562509298
Canal 1,-5.769612613418087,Jaguanga,uuid:0ad10ced-d532-4a24-b433-d4f4428def70,aeps-43506484-Canal 1,-78.56125265351623
Canal 2,-5.7693073127480705,Jaguanga,uuid:1a8220c8-259d-4ee1-88bf-1c77d98ff983,aeps-46367655-Canal 2,-78.56114674641223
Canal 2,-5.747920268830905,Morropon,uuid:f6abe046-8f06-4ec7-a751-b6261dbfe26d,aeps-33671122-Canal 2,-78.54623885083582
Capote,-6.708429449505782,,uuid:2a38542a-9d4d-4e36-ac77-5f0a210c6c42,aeps-16582386-Capote,-79.8030711337924
Carbin llanta,-6.759168722461842,,uuid:b6cbc116-19bd-4629-ac28-e627d445ba6d,aeps-16465784-Carbin llanta,-79.88362491130829
Carhuapoma Dolores Guevara,-6.99782657,15 minutos del caserío San José,uuid:42991a47-bca0-4974-acd1-f179d12b50b0,aeps-00000000-Carhuapoma Dolores Guevara,-76.51812819
Carpa - Huamantanga,-6.658976988181141,,uuid:994f8512-83ad-46f2-bec9-98562d50f89b,aeps-44362174-Carpa - Huamantanga,-79.83255498111248
Carpa - huamantanga,-6.669849119550224,,uuid:028fbcaa-7f3a-4735-baf8-de0dded6c4a2,aeps-17640805-Carpa - huamantanga,-79.84280906617641
Carpa - huamantanga,-6.6646598448195755,,uuid:139dac02-13f3-4a33-98fc-39d2dd5ef207,aeps-41787309-Carpa - huamantanga,-79.86910577863455
Carpa - huamantanga,-6.663237222016488,,uuid:2dc59721-550b-4c94-8f6b-bcf82147576b,aeps-17520643-Carpa - huamantanga,-79.84892215579748
Carpa - huamantanga,-6.666373846726862,,uuid:62f28104-1036-4a98-8155-0b9c01786367,aeps-40681390-Carpa - huamantanga,-79.84910722821951
Carpa - huamantanga,-6.7172776639243885,,uuid:985e9abd-32ee-4520-922d-5ed4bc8c436a,aeps-17531427-Carpa - huamantanga,-79.8936503380537
Carpa - huamantanga,-6.664440723879569,,uuid:a7d84472-216b-4c37-b4e0-14d2ffe20818,aeps-17525758-Carpa - huamantanga,-79.84219752252102
Carpa - huamantanga,-6.681498563010046,,uuid:df35ef41-c484-41fd-878b-0d77c606f373,aeps-45940223-Carpa - huamantanga,-79.86301984637976
Carpa - huamantanga,-6.663967182547076,,uuid:f0d4e20b-364d-4f52-ab5e-21557a9fda75,aeps-43078076-Carpa - huamantanga,-79.85606286674738
Carpa huamantanga,-6.677212513814485,,uuid:4fbc27ab-d5a6-4fb5-9d23-d40389d8fdb4,aeps-40926500-Carpa huamantanga,-79.86740559339523
Carpa-huamantanga,-6.662209214627621,,uuid:7a9f05f6-7087-47fb-933d-f046ac51466f,aeps-43078076-Carpa-huamantanga,-79.85423628240824
Carpa-huamantanga,-6.67442028458522,,uuid:894ad98e-a54f-4eb6-b2b2-d769c93ec683,aeps-41226261-Carpa-huamantanga,-79.85838565975428
Carpa-huamantanga,-6.67281320541972,,uuid:9baf8223-e48f-4229-80f8-722dbc580d3d,aeps-17639594-Carpa-huamantanga,-79.85495511442423
Carpintero,-6.65961770733482,,uuid:ab81e5b5-b23e-4aea-a2de-f16c9e722a43,aeps-17446221-Carpintero,-79.83622960746288
Carrizo,-6.638506170793843,,uuid:909482bb-e25a-46bf-a0a6-e935d455a2f7,aeps-17401238-Carrizo,-79.72608134150505
Cartagena,-6.708549988486221,,uuid:0bb23256-5e58-471d-8d51-3c5bd1181315,aeps-16570664-Cartagena,-79.82284873723984
Castillo,-5.650295937252929,Costado del canal plazas,uuid:d41fb1bc-5289-4f65-9c0d-e1f5695ff2c3,aeps-16731295-Castillo,-78.6540432617659
Chanango,-5.654519058856048,Filo de pista,uuid:a865e241-7b36-497a-8b49-610f050e73dd,aeps-70043707-Chanango,-78.75131662935019
Chanduvi,-6.763598546503009,,uuid:0c258b5a-2b30-43db-ba96-36e88625f78e,aeps-43340990-Chanduvi,-79.88323900848627
Chanduvi,-6.754575046948739,,uuid:837a1654-89e7-431f-80b5-7da77d4234ec,aeps-06714664-Chanduvi,-79.88639127463102
Chilape,-6.732249969107405,,uuid:580eb69f-abc3-42e6-954c-723474e271d6,aeps-27264082-Chilape,-79.84896339476109
Chilope,-6.730920773649138,,uuid:dedf1b8e-4f8a-42fa-8cb0-1134b3fce71c,aeps-16521990-Chilope,-79.84865695238113
Chilope,-6.731041972985004,,uuid:e329f1fd-830f-47a8-836b-db7de6d3769e,aeps-27384074-Chilope,-79.84531626105309
Corpa,-6.7133685264434,,uuid:007dea57-7aeb-4e14-9a05-ccaa87e27f9e,aeps-16567662-Corpa,-79.81076940894127
Corpa,-6.702936236755602,,uuid:93b9851c-7eb0-4c0b-aa98-28a5b9601453,aeps-16567662-Corpa,-79.8251872882247
Cotrina,-5.640635884784872,Carretera de plazas,uuid:87c74972-a3be-4923-a17f-650f740ae3d6,aeps-27725829-Cotrina,-78.66344057158337
Damian,-6.706759881665036,,uuid:0e54cd6e-d535-4c01-b050-87589cdb4eda,aeps-17526442-Damian,-79.92830816656351
Delgados,-5.758599685479678,Jaguanga,uuid:63fa2950-6aa7-4343-b712-9bba32003d54,aeps-27440125-Delgados,-78.55613544170387
El  algarrobo,-5.664347481071635,Serca a Bellavista,uuid:d775256f-6072-498f-855e-9b904255b797,aeps-27682003-El  algarrobo,-78.68149470537901
El Choloque,-5.435039229484213,Serca a las juntas,uuid:2d0f82ed-ec9b-46a3-801f-351435347127,aeps-27673981-El Choloque,-78.80964535276532
El Higueron,-5.704015796935303,Carretera Jaén-san Ignasio,uuid:9342d136-45b0-4189-a70e-ec2d55929cc1,aeps-46720368-El Higueron,-78.80824316293003
El Jimbo,-5.634788478782758,Huarangopampa,uuid:2c611842-a805-4b22-b921-1d51c96002b3,aeps-42195992-El Jimbo,-78.53437186536866
El Zapato Herman,-5.659900722920108,Plazas,uuid:8ed18cdd-2202-4aa0-9c55-ee32f957b50a,aeps-27736390-El Zapato Herman,-78.68909273296596
El acerillo,-5.579853190616184,Ayabaquita,uuid:6628f1a4-f58d-4747-ab7b-3fd7a83eca6b,aeps-27737673-El acerillo,-78.82156002685328
El albarrobo,-5.3843731885664,Juan Velasco,uuid:a24a6347-7f78-4010-aa50-41f19248f1f4,aeps-71195125-El albarrobo,-78.82656293028637
El algarrobo,-5.657901004537592,Bagua,uuid:1d83f266-ebd4-481d-b0de-e37bcb2e242c,aeps-27722378-El algarrobo,-78.49733995625783
El algarrobo,-5.598947960625838,La Papaya,uuid:3aa2560d-3c88-43c8-a0bb-131fa0fae381,aeps-33591981-El algarrobo,-78.59081228637557
El algarrobo,-6.474706204674444,,uuid:59092a7a-13d8-4e9b-a096-5ee48f0266e4,aeps-42780393-El algarrobo,-79.87507201731205
El algarrobo,-6.4824172828632225,,uuid:a87ff12e-4670-4d5f-8950-0ade4e54f49d,aeps-43307478-El algarrobo,-79.87933371216059
El algarrobo,-6.777280969250548,,uuid:ec414f8f-f96e-4262-8aaa-60e22029abbf,aeps-42213997-El algarrobo,-79.89463437348604
El algarrobo,-6.475869186858394,,uuid:fbe59aec-2865-41b4-a14b-62b0c53d6677,aeps-00253162-El algarrobo,-79.868940487504
El cerezo,-5.580513286555943,Por la carretera,uuid:06a59525-769b-425b-9e48-6d7a24c36050,aeps-27709533-El cerezo,-78.82798355072737
El choloque,-5.434987468784582,Las juntas,uuid:641ea5ab-4fb9-4ae5-9642-47cd0aa278bd,aeps-27673981-El choloque,-78.80970279515954
El coco,-5.634861625317506,Huarangopampa,uuid:25dc2eed-3a71-44cb-ba68-83fcc7d3254a,aeps-41979820-El coco,-78.53446044231693
El coco,-5.688193504482518,Carretera Jaen - san Ignasio,uuid:675044c6-a7be-415a-8f48-f357f60700be,aeps-26639838-El coco,-78.79164129495621
El faique,-5.581281888850557,Serca a la pista,uuid:bf297c3e-e998-4287-8c6f-fe57ddbe66c0,aeps-27672045-El faique,-78.79976238592111
El frutal,-5.574442819494713,Carretera ayabaquita,uuid:a0f1281d-59da-41e0-bde6-7040a418e592,aeps-27674159-El frutal,-78.86811643838882
El limon,-5.343229626161155,Antes de perico,uuid:132bd92d-6f5b-4b85-a9a8-d6037b6e6751,aeps-40641965-El limon,-78.79650070743611
El limon,-5.570047183399242,Ayabaquita,uuid:b0c43d90-e456-4ef8-abca-9459799217c1,aeps-27716034-El limon,-78.83406510633938
El limon,-5.640110516296644,Antes de las bombas de Requejo,uuid:b69d4e4b-3178-40f7-a7a2-216d6ba1d755,aeps-42455222-El limon,-78.64790274396046
El limon,-5.395207363835568,Serca a la pista,uuid:d2267273-78b4-403e-adf0-cff25aaddee6,aeps-27702516-El limon,-78.82582063143899
El mango,-5.384510014366828,Juan Velasco,uuid:031ea401-71d5-40ef-bff5-aadcf0da4896,aeps-27849503-El mango,-78.8260255023137
El mango,-5.571954630168252,Ayabaquita,uuid:8af04298-1962-4b60-a787-a935b7d14123,aeps-27730973-El mango,-78.8336800920688
El mango,-5.550472003940766,Por la pista,uuid:8d5cec42-baaa-4d06-a22a-eb50e5d1a025,aeps-46722196-El mango,-78.81070040166378
El mango San pedro La papaya,13.158476592646162,San Pedro,uuid:9bb50d37-2bb0-4b42-8aff-f19a3b756d81,aeps-80293593-El mango San pedro La papaya,-32.511169128119946
El mirador,-5.800335292896196,Mandingas,uuid:7b4555af-fe3d-4807-9f30-d0dacfec5288,aeps-47938232-El mirador,-78.27302243560553
El pajuro,-5.569081501243252,Shumba Alto,uuid:37e89601-4548-4577-919b-bc6fdb2ff06a,aeps-45882271-El pajuro,-78.81201735409756
El pajuro,-5.569063593922909,Shumba Alto,uuid:3c6df084-d106-425b-b813-4549ba5e4870,aeps-45882271-El pajuro,-78.81200068304538
El pedregal,-5.790923639876082,San Lorenzo,uuid:f361fd8e-2337-4ed2-8b6a-0af01a929c53,aeps-33641604-El pedregal,-78.24235419298492
El porvenir Ricardo Vera,-7.04251634,A dos minutos de la pista,uuid:45d03ac5-e8e2-46a4-9dc8-dd68bd61c3f8,aeps-42142258-El porvenir Ricardo Vera,-76.51881091
El potro,-5.731588165506581,Morerilla,uuid:dfb1dfdf-f88a-461c-954a-f7254e3d8fca,aeps-27709008-El potro,-78.46251111477615
El progreso,-5.575609930483448,Shumba Alto,uuid:d88084d2-8a34-4844-a8ad-445ffee9bc07,aeps-27671977-El progreso,-78.81714197832385
El proyecto,-5.652705692208491,Por la pisca,uuid:94b40656-fcc3-4c67-8881-078fab34e777,aeps-44528081-El proyecto,-78.74668951017925
El recuerdo,-5.35645304441462,El triunfo,uuid:25941f4b-4bae-4666-af65-72f11c193952,aeps-43350797-El recuerdo,-78.84968704897723
El sapote,-5.636112255330554,Huarangopampa,uuid:a755bde1-ddfd-4a91-b7f0-dde404606c1c,aeps-33669339-El sapote,-78.53409625589848
El sauce,-5.553833543804631,Serca a la carretera,uuid:fd140c06-9140-4558-9110-85727acb3779,aeps-47191258-El sauce,-78.82384619758598
El tesoro,-5.580940072196528,Serca a la pista,uuid:fe7cd394-418d-4b82-adb9-ddf5b3a9857d,aeps-47842030-El tesoro,-78.80007918924093
El triunfo,-5.575217023920496,Shumba Alto,uuid:b5c00a9f-38cb-4822-bf62-d60b3d520f74,aeps-27737257-El triunfo,-78.81661063869015
El troncal,-5.739052158766018,Cajaruro,uuid:408d04b9-f00b-4225-aea4-593d097beee8,aeps-41752104-El troncal,-78.42957632099
Elmer castro,-5.684684089961925,Linderos,uuid:9e5704db-9e9c-4d4b-bfa3-58a189f6a16f,aeps-27727487-Elmer castro,-78.79432149231434
Esperanza 1,-5.525133129963383,Pilo de pista,uuid:9f0f2840-10d5-4702-8b49-54a844ed0cdb,aeps-27665729-Esperanza 1,-78.82414818625193
Faicalito,-6.677532861575729,,uuid:5479b233-083f-42d7-a45f-86e2bdc36a46,aeps-16571019-Faicalito,-79.78901904076338
Fala,-6.68455948044635,,uuid:3068f70e-8c99-4cab-b4ba-2c7160fc1996,aeps-72925857-Fala,-79.79219947010279
Fala,-6.679539858837421,,uuid:6b03dd2f-df72-4824-a67b-6aeb47c23deb,aeps-17408712-Fala,-79.77718513458967
Fangueadores,-6.505446876140805,,uuid:7446542e-482f-4802-b5c7-39c43a592498,aeps-08864242-Fangueadores,-79.8424094170332
Fangueadores,-6.505592115268647,,uuid:78ac245d-969c-4b07-b456-857d33b12d0e,aeps-32989137-Fangueadores,-79.8397258669138
Fangueadores,-6.5044495219132985,,uuid:9aefbfc9-42b2-4d9e-8645-ffa2a267c4cd,aeps-41823093-Fangueadores,-79.84703991562128
Flor del arroz,-5.343210625058531,El triunfo,uuid:da71a873-b36a-4105-bf74-0d980cc757dc,aeps-43246379-Flor del arroz,-78.79646971137711
Fundo  Eufemio Fernández,-7.05728063,A 10 minutos de Bellavista,uuid:5b1cda98-dc62-4926-8299-27126babfecc,aeps-0-Fundo  Eufemio Fernández,-76.47328026
Fundo Altamirano,-6.8199963,Pista a Tarapoto,uuid:605d20a1-b1ef-43df-9e04-0b28d9ceaff6,aeps-0-Fundo Altamirano,-76.33435038
Fundo Cochachin,-7.19355853,Carretera principal a puerto Nuevo,uuid:98f190d5-aac1-4514-84d0-1995d47e230d,aeps-0-Fundo Cochachin,-76.50649922
Fundo Politi,-5.648507750988887,Morerilla,uuid:2c0e9e03-abcd-41a5-8149-5d99dcbae0d4,aeps-33665054-Fundo Politi,-78.53362116962671
Fundo Rogelio Jimenez,-6.94536626,A 20 minutos de San Hilarión,uuid:1ad9f30f-2b44-449c-93e8-58acf450945d,aeps-01141343-Fundo Rogelio Jimenez,-76.53035034
Fundo Sabas Heredia,-6.81866323,A 5 minutos de shimbillo,uuid:41eae9f3-2090-4ba4-9c58-ba78fa50482e,aeps-0000-Fundo Sabas Heredia,-76.33135922
Fundo Salatiel,-7.00757362,Carhuapoma,uuid:2f6471c3-f8e7-451e-bc95-5d0996f07802,aeps-0-Fundo Salatiel,-76.51380467
Fundo Teodomiro,-5.3790252520642285,El tablon,uuid:0f9b9cf4-297a-4ced-a321-c8da87cb651b,aeps-27745089-Fundo Teodomiro,-78.82065087294151
Fundo achaca,-7.15163395,A 20 minutos de Bellavista,uuid:c51c7344-2c03-4892-ada2-af4148875df3,aeps-0-Fundo achaca,-76.65898301
Fundo chedi,-7.14514469,A 20 minutos de Bellavista,uuid:1653e737-fe8f-45db-babb-f4905691701b,aeps-0-Fundo chedi,-76.65684469
Fundo el triunfo,-5.688910798284512,Molino andrea,uuid:e1e505f7-9f6e-421e-8bd3-e46b1754cc66,aeps-40916101-Fundo el triunfo,-78.79294954240322
Fundo esquen,-7.07430544,A 17 minutos del caserío nuevo mundo,uuid:4ee9750a-c7e7-47ec-b009-7a01d7484b7e,aeps-0-Fundo esquen,-76.46310541
Fundo fernandez,-7.09638891,A 12 minutos de nuevo mundo,uuid:54e29e15-4109-49d2-9148-43f5e4d73b8a,aeps-0-Fundo fernandez,-76.48278391
Fundo gamonal,-7.10293798,A 5 minutos de nuevo mundo,uuid:d6996f28-eb20-43f1-a052-185c76ed0838,aeps-0-Fundo gamonal,-76.48964983
Fundo huallaga,-7.15113761,A 20 minutos de Bellavista,uuid:6eed79e4-a259-49c8-a40a-3480bb947162,aeps-0-Fundo huallaga,-76.64437152
Fundo huanca,-7.20469488,A 30 minutos de bellavista,uuid:846e6ca4-ee83-4a36-a14d-2a9094665b1a,aeps-0-Fundo huanca,-76.50532929
Fundo montenegro,-7.07486319,A 25 minutos de bellavista,uuid:a8f0f5d9-e4ff-4cbd-adef-b3e3388bfc8c,aeps-0000-Fundo montenegro,-76.50953126
Fundo ocaña,-7.20176455,A 20 minutos de Bellavista,uuid:41fd09d1-1ae6-49c1-96c8-356f89eac063,aeps-0-Fundo ocaña,-76.49498223
Fundo palacios,-7.05785799,A 20 minutos de Bellavista,uuid:cb0a49f0-febe-46d6-ad3e-e7af5751aeba,aeps-0000000-Fundo palacios,-76.47006702
Fundo vilchez,-6.622661766388614,,uuid:ff07b818-f25f-48a6-a052-a026e6f2edcf,aeps-17446477-Fundo vilchez,-79.81466196477413
Golondrinas,-4.847804999999999,Auxiliar Panamericana Norte Ex Molino Santa Julio,uuid:3e8b3501-c95f-4e63-9ea7-f6e70fea52e3,aeps-43812079-Golondrinas,-80.791055
Golondrinas,-4.85286,,uuid:418864b2-064b-456d-bbf5-721fe2f3f564,aeps-03624368-Golondrinas,-80.805685
Golondrinas,-4.843288333333334,Carretera Panamericana Norte Sullana Tumbes,uuid:b5066e97-30f5-4383-9478-8b705c621704,aeps-41790631-Golondrinas,-80.79858666666668
Golondrinas,-4.842765,Carretera Panamericana Norte,uuid:ca6db6fd-bc26-4070-8483-5c30c9ec577a,aeps-03624287-Golondrinas,-80.79778
Golondrinas,-4.8422366666666665,Carretera Panamericana Norte,uuid:cff6e813-bec7-49eb-bee6-5196628024bd,aeps-03623958-Golondrinas,-80.79630333333333
Golondrinas,-4.847615,Auxiliar carretera Norte,uuid:eb855644-02d6-48b3-942e-b33624f8b02f,aeps-03620630-Golondrinas,-80.79013166666667
Gotitas del manatial,-5.652730386826794,Serca a Santa cruz,uuid:3cc9e30e-c29e-4118-979b-47cbe9a260fc,aeps-27680823-Gotitas del manatial,-78.71660582721233
Guanabal,-6.637905054526048,,uuid:5e5704cd-0179-43a2-8d03-c8198ea8d8f7,aeps-17447281-Guanabal,-79.73611481487751
Guayaquil,-5.55793791948511,Cruce de Shumba,uuid:1b718074-4c02-4932-9358-b3b1d66ea814,aeps-27712321-Guayaquil,-78.79319429397583
Higuaguana,-5.588418670657637,Paijan,uuid:86dfec7d-35b0-4932-b4c3-42cf35857cc2,aeps-27754522-Higuaguana,-78.820312169739
Horcon,-6.717436492781596,,uuid:11c67174-7e5a-4a9c-9b8e-af1e5119f582,aeps-40407237-Horcon,-79.83018726110458
Horcon 1,-6.70322460116387,,uuid:16503618-e7eb-4d1f-8283-27dda5cebdd6,aeps-16568187-Horcon 1,-79.80646748095751
Horcon II,-6.699701948516535,,uuid:26b0d067-dd72-448d-81ab-5568f331c4a8,aeps-40407237-Horcon II,-79.83360707759857
Huamantanga,-6.6626291427523086,,uuid:8361dff4-6a45-4719-9713-951614a0f4a7,aeps-17445817-Huamantanga,-79.84732422977686
Huamantanga,-6.6571923611393595,,uuid:8bfa78a1-a5d7-4c71-8215-a40cf5052d2a,aeps-45850317-Huamantanga,-79.84683472663164
Huerta,-6.65814578370829,,uuid:5d7ae05c-b407-4277-a5c4-8555123404dc,aeps-40418748-Huerta,-79.82781685888767
Huerta,-6.64006474030202,,uuid:ae78d719-ba7c-48ad-976e-c6385dae0c97,aeps-40736888-Huerta,-79.81383450329304
Huerta,-6.6689117040972645,,uuid:ba2f1585-59ae-48c6-be84-30abf8267460,aeps-17427249-Huerta,-79.86030109226704
Ignacio Escudero,-4.848356081340082,Carretera sullana Tumbes,uuid:069ea326-1201-4735-af58-f534a51ed48e,aeps-03640449-Ignacio Escudero,-80.84757629781961
Ignacio Escudero,-4.85027,Carretera Sullana Tamarindo,uuid:2441b107-e15e-4275-a545-265d4be897b2,aeps-03679498-Ignacio Escudero,-80.90217333333334
Ignacio Escudero,-4.860268333333334,Entrada carretera a San Miguel,uuid:2c495995-e8a1-4e71-8c81-db99a64ce82d,aeps-03614479-Ignacio Escudero,-80.86050666666667
Ignacio Escudero,-4.86784,Carretera a Monte borracho a la izquierda pasando el puente - Ignacio Escudero,uuid:393cf372-9fff-472c-b643-71c54d6b11f7,aeps-03651673-Ignacio Escudero,-80.86416833333332
Ignacio Escudero,-4.848455970197088,Carretera sullana tumbes,uuid:394cb35d-1706-49e7-93f5-bc49ffd75572,aeps-03679421-Ignacio Escudero,-80.8489016443491
Ignacio Escudero,-4.860051663126849,Comisaria San Jacinto,uuid:3e483e9f-9118-48fd-aaad-73db64ab0e68,aeps-42539274-Ignacio Escudero,-80.87448824197054
Ignacio Escudero,-4.854687468904329,Entrada a la comisaria de San Ignacio,uuid:452bfd2c-225a-4c47-883e-6fccfee18c83,aeps-03615908-Ignacio Escudero,-80.87413687258959
Ignacio Escudero,-4.8621529644157935,Comisaría San Jacinto Ignacio Escudero,uuid:5616fc84-1e62-4221-8d40-5d835344e4a6,aeps-03690565-Ignacio Escudero,-80.87474405765535
Ignacio Escudero,-4.8844416666666675,,uuid:62396ac4-082c-4dfa-a65c-10ca6cd998c2,aeps-03616634-Ignacio Escudero,-80.87959500000001
Ignacio Escudero,-4.871276666666667,,uuid:76ba77ec-e701-4611-97ef-5e06b2100a64,aeps-41302941-Ignacio Escudero,-80.88678499999999
Ignacio Escudero,-4.86778,Entrada carretera Monte Borracho a San Miguel,uuid:9c802629-9e64-466c-a2e1-d2878d826e23,aeps-03617979-Ignacio Escudero,-80.86470166666666
Ignacio Escudero,-4.874913301331668,Entrada a la comisaria de Ignacio Escudero,uuid:ad82b9b9-52c0-43ab-8431-23fecda443ba,aeps-03640328-Ignacio Escudero,-80.88289830833673
Ignacio Escudero,-4.8547449295156895,Comisaría San Jacinto,uuid:b0469519-003b-4742-be8d-0be5f3589e69,aeps-80498831-Ignacio Escudero,-80.87350688874723
Ignacio Escudero,-4.869550227729271,,uuid:c0bf0945-0f53-4e11-89bc-d903d4453921,aeps-03614169-Ignacio Escudero,-80.88502362370491
Ignacio Escudero,-4.867828333333334,Entrada carretera Monte Borracho a San Miguel,uuid:c275e4f8-bb06-46ed-9164-7f13279dea05,aeps-03644862-Ignacio Escudero,-80.86471166666666
Ignacio Escudero,-4.872526748884872,Canal de Santa Grimaneza,uuid:d0b4284a-156a-4261-80b5-8432a3fa8c61,aeps-03616459-Ignacio Escudero,-80.88311992585659
Ignacio Escudero,-4.866121031862907,Carretera a San Agustin,uuid:d227908f-818e-494d-a847-9ae7230f2c3b,aeps-27382259-Ignacio Escudero,-80.8853418007493
Ignacio Escudero,-4.871161666666667,Entrada carretera Monte Borracho a la derecha,uuid:e36dd890-eb51-4369-8ab9-a30e5e66b2e2,aeps-27430282-Ignacio Escudero,-80.886815
Ignacio Escudero,-4.859048333333333,Comisaría San Jacinto,uuid:e44ff2e5-5577-4e12-af36-178f54e34036,aeps-47395718-Ignacio Escudero,-80.875215
Ignacio Escudero,-4.860623591885169,Carretera Ignacio Escudero - Tamarindo en el primer rompemuelle a la izquierda,uuid:f548d418-c395-4eef-8c5b-08e0a9720f51,aeps-03640015-Ignacio Escudero,-80.89966613799334
Ignacio Escudero,-4.868011666666666,,uuid:f63d0e4e-2292-4210-80e2-5133daa21b13,aeps-44247079-Ignacio Escudero,-80.86631666666668
Ignacio Escudero,-4.8645502438582975,"Entrada de la comisaria de Ignacio Escudero, compuerta a mal pase",uuid:f978b480-0e5a-4352-9561-3330306fb5d7,aeps-03614272-Ignacio Escudero,-80.88341295719147
Ignacio Escudero,-4.8846839136003455,Entrada a comisaria de Ignacio Escudero,uuid:fb0a4f54-996f-486c-bc7e-a725fc4a547e,aeps-80332880-Ignacio Escudero,-80.87944697588682
Ignacio Escudero,-4.870117471497786,Comisaria de Ignacio Escudero,uuid:fbabb579-6a96-488c-a647-ebadf9c22c29,aeps-03659746-Ignacio Escudero,-80.88668055832386
Jaguay,-5.409227043530912,Jaguay,uuid:028f98fb-398b-4ff8-a4b5-f5b5f7e5dfab,aeps-16711440-Jaguay,-78.8117572101899
Jarrin,-6.715979394235445,,uuid:39807cc3-6af8-4187-a2db-fa2fac461019,aeps-16571524-Jarrin,-79.81212694197893
Jimenez,-5.569424425891396,Serca al pueblo,uuid:2b7b4988-c71c-4c99-b22c-e36cf00f1418,aeps-27714596-Jimenez,-78.8182732835412
Juan Velasco,-5.384355878841451,Juan Velasco,uuid:b6cbf0ea-d9a0-4d42-8f39-97b46c7cd4f7,aeps-27826887-Juan Velasco,-78.82649898015123
La Bomba (6° N°1),-4.862171666666667,Panamericana norte,uuid:816fbb74-2fe4-4c64-918f-175c351927eb,aeps-03626138-La Bomba (6° N°1),-80.72594333333333
La Esperanza,-5.357503071527694,La Esperanza,uuid:abed0aa9-895f-4037-bf40-942d95d7085c,aeps-27718277-La Esperanza,-78.77857826650141
La Esperanza,-5.5785512632878085,Filo de pista,uuid:b6e10c03-6f1a-4beb-a78b-093429ed133c,aeps-27289691-La Esperanza,-78.79802669740313
La Esperanza,-5.653938850422656,Serca al pueblo,uuid:fddab733-ecfb-44d5-b68b-534a6a9ee9ac,aeps-27718560-La Esperanza,-78.70365913957357
La Garcia,-5.670959167950187,Serca al pueblo,uuid:1600d1f6-8a00-4045-b7de-85c20e6f2bd7,aeps-27737292-La Garcia,-78.67441400885583
La Libertad,-5.776311482343082,Jaguanga,uuid:c573e69a-1707-47ba-a2a4-63a6a4781d9d,aeps-336444691-La Libertad,-78.5619208583324
La Lima,-5.522893777616129,Santa Elena,uuid:9eb58f9b-bae1-4bed-a86b-d9ba0e78ba5e,aeps-48107827-La Lima,-78.82426262857872
La Naranja,-5.652159709695182,Filo de pista,uuid:7c81cc9e-6236-4322-bc9e-a3901e40dea1,aeps-27681854-La Naranja,-78.69903726772012
La Quinta,-4.84957,Canal La Checa segunda entrada,uuid:0df90422-a53b-4e15-b342-7cb638fe349f,aeps-03624579-La Quinta,-80.73040833333333
La Quinta,-4.853425,Carretera de los cocos,uuid:1d7366d4-b790-4e21-83b5-d693dfd55b4d,aeps-03626333-La Quinta,-80.74240666666667
La Quinta,-4.856033333333333,Caserío La quinta primer puente del canal Checa a la izquierda,uuid:46aa2d6a-25b7-42e3-94ed-a0fda9ff57ee,aeps-03622928-La Quinta,-80.727335
La Quinta,-4.857190341694532,Carretera Sullana Tumbes,uuid:4b2958aa-b2c4-49d7-b03e-cef409f7969b,aeps-03622073-La Quinta,-80.73411550372839
La Quinta,-4.844467754123277,,uuid:6498f5f1-832d-445f-9693-16a710957663,aeps-03624801-La Quinta,-80.73094278573991
La Quinta,-4.850056666666667,Canal Checa entrada a las H,uuid:7289626d-cece-48ce-96cc-47a0cf91f255,aeps-03625605-La Quinta,-80.7307
La Quinta,-4.858498333333333,Panamericana Norte,uuid:7acadb43-3596-44b0-bf33-0b17cc8580e1,aeps-03625211-La Quinta,-80.72941833333333
La Quinta,-4.844433333333333,Carretera de los cocos,uuid:83d7264e-49b9-4ae9-9009-9cc8f115c3bc,aeps-03657337-La Quinta,-80.736785
La Quinta,-4.844793146398579,Carretera de La Quinta el segundo puente a la izquierda,uuid:8ef12a23-72d2-41d7-8d46-92be3e082a33,aeps-03880042-La Quinta,-80.73029670864344
La Quinta,-4.844154388519136,Carretera de la Quinta segundo puente a la izquierda,uuid:9aa8c396-b660-4a46-b25d-ba61ad020c5e,aeps-03622867-La Quinta,-80.73079492896795
La Quinta,-4.853269999999999,Entrada a los cocos,uuid:abbc5001-73d3-467d-af96-8782f377fc5c,aeps-03622673-La Quinta,-80.74289666666667
La Quinta,-4.856216666666667,Caserío La quinta el primer puente a la izquierda,uuid:b69a1a2a-126b-447b-8683-d40815f103ff,aeps-03625434-La Quinta,-80.72707166666667
La Quinta,-4.847346666666667,Carretera de los cocos segunda entrada,uuid:b818744c-ce09-425d-8b07-fad5ed7ec9be,aeps-03686965-La Quinta,-80.735065
La Quinta,-4.845046377650242,Carretera de La Quinta el segundo puente,uuid:dbc16839-2eb9-42c5-bb13-8c5096d402c0,aeps-40488489-La Quinta,-80.73002479970457
La almendra,-5.71352080462697,La versalla,uuid:23164971-d77f-4a6c-bb2f-4519587b0adb,aeps-33640007-La almendra,-78.49629247569419
La ciruela,-5.643765350043948,Plazas,uuid:c39d2d46-3509-47b8-92bf-598bfad75fab,aeps-42257250-La ciruela,-78.650565162329
La congona,-6.9390560220927,Por canal de riego,uuid:02a9b9aa-9bc3-45dd-98c2-4b084d03656b,aeps-27290669-La congona,-76.38257302343845
La esperanza,-5.568519833290019,Cajjellon peñas,uuid:e21245d9-9116-4105-80d2-be6d6cef71fb,aeps-27671266-La esperanza,-78.81639461580677
La fortaleza-regulo,-5.658115070136301,Primer callejon de Santa Cruz,uuid:f0004766-b4dd-4b57-9d2b-67b91a42b4fa,aeps-27680284-La fortaleza-regulo,-78.7097827127356
La fortuna,-5.575490606882046,La antena de entel,uuid:2576888b-a18f-4001-9f23-efd042abd2d7,aeps-27719421-La fortuna,-78.8052873685956
La granja,-5.671695107209667,Por la pista,uuid:9bb48bc1-23c3-4342-befb-861ae14aae0a,aeps-27712425-La granja,-78.77308941776835
La libertad José Luis,-7.03429134,Frente de la pista Fernando belaúnde terry,uuid:19ac0c66-65ff-452e-97a3-cbe8163102a5,aeps-73584612-La libertad José Luis,-76.4851192
La palmera,-5.702670846502497,Alenya,uuid:2ae5cfa3-1ba9-4814-9b72-b85865d62683,aeps-27689716-La palmera,-78.4717640312745
La papaya,-5.613427886277424,La papaya,uuid:4187aac6-4944-4e6c-a9ee-99f6c4f52c6c,aeps-42488204-La papaya,-78.59629942173885
La puntulla,-5.776148962247793,Jaguanga,uuid:538b89f1-74a8-43b0-92d9-f17c415276c4,aeps-33664780-La puntulla,-78.56211132923637
La sanora,-5.575153613295364,Ayabaquita,uuid:7e02e7b8-5a56-49e8-8481-e6f00a57a17a,aeps-27424402-La sanora,-78.82731558971241
La totora,-5.675096165879973,Alenya,uuid:06472ca3-a0f1-4aa8-ab03-3a3feb0af980,aeps-33562441-La totora,-78.48581908795228
La vega,-5.575371346136184,Callejon de los penas,uuid:7f869f1a-9c4c-4251-beb8-9666a338075c,aeps-27664410-La vega,-78.82636634387325
Las Golondrinas,-4.843351666666666,Carretera Panamericana Norte,uuid:04790ed8-1eee-49cc-b7ed-b17c77235d55,aeps-41813272-Las Golondrinas,-80.79843666666667
Las Golondrinas,-4.852217326135556,,uuid:4007b7d2-f695-4da6-a893-9e3b36aa2b6f,aeps-03566519-Las Golondrinas,-80.8065314590931
Las Golondrinas,-4.852107081522059,Carretera Panamericana entrada a los cocos,uuid:48b7e0c6-d4bb-443e-90d5-b417b50a857e,aeps-03691431-Las Golondrinas,-80.80617874860764
Las Golondrinas,-4.846864999999999,Auxiliar carretera norte,uuid:4b692413-858e-4abc-9ff7-61009f7fbedd,aeps-03627074-Las Golondrinas,-80.79055666666666
Las Golondrinas,-4.849316666666667,Carretera Panamericana Norte Sullana Tumbes,uuid:5b47feb3-bba3-451a-a2a1-c2c14857171f,aeps-03496579-Las Golondrinas,-80.79157333333333
Las Golondrinas,-4.846545000000001,Auxiliar carretera panamericana norte,uuid:65c34033-42f4-4e7a-88ae-67e4638499a0,aeps-03627084-Las Golondrinas,-80.790415
Las Golondrinas,-4.838141666666667,,uuid:6b3fa12a-1858-4147-b737-14f47484b28f,aeps-43049107-Las Golondrinas,-80.81228333333334
Las Golondrinas,-4.836043246855578,Canal Miguel Checa,uuid:767e48af-d6f5-4ff7-bd39-927b48e81942,aeps-03627101-Las Golondrinas,-80.80969847738743
Las Golondrinas,-4.866353542919192,Entrada a Monteron,uuid:868e4171-af9d-4acc-aa43-4bd0badced62,aeps-03627481-Las Golondrinas,-80.81862520426512
Las Golondrinas,-4.860791295202395,Carretera Panamericana Norte a la Izquierda altura del sector la noventa y el sifon,uuid:89982fdb-ba25-4c69-83cf-d5b000fd5c07,aeps-03624664-Las Golondrinas,-80.8102959394455
Las Golondrinas,-4.8509364830608925,Carretera Panamericana Norte,uuid:954fb4b5-d16b-4b09-a8f1-3075975e8bd7,aeps-46395104-Las Golondrinas,-80.79242840409279
Las Golondrinas,-4.836105,,uuid:a5463dbb-6a68-403b-92ab-a237d00acfdf,aeps-80664520-Las Golondrinas,-80.80801166666667
Las Golondrinas,-4.866762107411133,Camino a Monteron,uuid:a84e9e56-7b05-4db1-b950-cbde9ec1cdcb,aeps-03624656-Las Golondrinas,-80.81831641495228
Las Golondrinas,-4.84699,Carretera Panamericana Norte Sullana Tumbes mano izquierda,uuid:b5cbbbf3-389b-468d-ae40-e5240beb6d53,aeps-03624260-Las Golondrinas,-80.80190166666667
Las Golondrinas,-4.849756666666667,Carretera Carpena entrada los cocos,uuid:c4743c3f-c6a1-475f-bcec-f75de7588921,aeps-03496546-Las Golondrinas,-80.79931333333334
Las Golondrinas,-4.861365561823058,Carretera Sullana Ventarrones,uuid:c8dcc20a-9149-40a9-a306-8a88fe3092b3,aeps-03624523-Las Golondrinas,-80.80961767584085
Las Golondrinas,-4.860678379427667,Entrada a la Noventa,uuid:cf4f79e9-4cdd-4795-a03c-8d2c978b6b65,aeps-76332460-Las Golondrinas,-80.8096854016185
Las Golondrinas,-4.841265,Carretera Panamericana norte en dirección Sullana - Tumbes a la izquierda,uuid:d4f03527-9dd1-4436-87ce-89e1e5f9b011,aeps-40792805-Las Golondrinas,-80.80962333333333
Las Golondrinas,-4.8530575231285935,Panamericana Norte Sullana Tumbes a la izquierda,uuid:e5e8a0e1-cf09-44fc-adc7-12f962a5d32d,aeps-40268752-Las Golondrinas,-80.79567857086658
Las Golondrinas,-4.851596666666667,Carretera Panamericana Norte Sullana Tumbes,uuid:e91af73a-bcae-4783-8e5f-14c551d219b7,aeps-03673674-Las Golondrinas,-80.79304499999999
Las Golondrinas,-4.840018333333333,Carretera Panamericana norte a la mano derecha,uuid:f592092f-c092-4566-acd1-f559f1641433,aeps-03626011-Las Golondrinas,-80.811455
Las pampas,-5.753681211982119,Jaguanga,uuid:10acc471-70a5-4264-baf1-bb44b7d915da,aeps-41862645-Las pampas,-78.55118632668416
Las pampas,-5.7599793158671115,Jaguanga,uuid:a95f5b4e-8a59-4cc5-a461-00fb3f8293f2,aeps-26941182-Las pampas,-78.55385719231695
Laserillo San Isidro,-5.707337321997738,San Isidro,uuid:0c6f0f6d-b2fc-4979-8b71-b8b699125ef4,aeps-27995820-Laserillo San Isidro,-78.78227189638433
Lateral Valderrama,-7.00399555,"Del caserío carhuapoma a la margen izquierda del lateral de riego , a unos 5 minutos",uuid:17edf3b5-a145-4642-aae5-6e13925c90da,aeps-0-Lateral Valderrama,-76.53430154
Limoncito,-5.757481055201382,Jaguanga,uuid:414bae6a-834f-4854-9d76-b7e517f08398,aeps-44201370-Limoncito,-78.55282101792842
Llencala,-6.530912382365692,,uuid:3e6c9560-11cc-45e1-a7c8-0cc07be2184c,aeps-17542194-Llencala,-79.98829275369644
Llencala,-6.709757041548663,,uuid:8594cfa1-6c09-4f08-8e1c-402474c2ff93,aeps-17543397-Llencala,-79.92323879152536
Llencala,-6.5511258382827116,,uuid:a0e07b44-e2cf-4c85-b53d-6efb5b04d686,aeps-17566610-Llencala,-80.03969930112362
Llencala,-6.530646568177645,,uuid:d85434b6-ac3a-42fa-baff-1d7a9a324487,aeps-17566610-Llencala,-79.99521318823099
Lola,-5.652559893830375,Serca a la quebrada,uuid:871de976-f2cf-464f-b0ab-4e27dc47d424,aeps-27430414-Lola,-78.70201025158167
Los Seivos,-5.594461699578653,La Papaya,uuid:9a5975c9-1dd4-4900-be93-411fa28d1d6d,aeps-43187344-Los Seivos,-78.57522909466617
Los barrantes,-6.469643819625614,,uuid:364474a3-87b2-40e5-a333-db9ff67782cf,aeps-40443072-Los barrantes,-79.879184179008
Los cocos,-5.791645332527094,Mandingas,uuid:417adc67-d64c-4577-85b8-d2e9b1c8e2d3,aeps-33673286-Los cocos,-78.28463841229679
Los cocos,-5.341605761255378,Antes de llegar a Perico,uuid:4c3603c8-eac1-4dc6-9a16-f66b06f4bd0e,aeps-27741249-Los cocos,-78.79464268684387
Los cocos,-5.377395484616192,Las juntas,uuid:8bde378f-3fa3-4411-956a-ea7316515414,aeps-40517025-Los cocos,-78.77206770757712
Los cocos,-5.407133302384281,Jaguay,uuid:b3ed10ca-379a-46b6-a592-730dffb3ae57,aeps-40301109-Los cocos,-78.81360919237999
Los huarangos,-5.702768138071918,Alenya,uuid:24735495-381e-4c87-8680-56e3156f4d04,aeps-33563399-Los huarangos,-78.47157935664097
Los patos,-5.769655547796997,Jaguanga,uuid:20bd30ca-7fc0-42f8-9c46-39811a77be0c,aeps-27662454-Los patos,-78.56270933390277
Mailo,-5.3520415576580795,Antes de llegar a Perico,uuid:51fdaeae-9500-4e8b-ae75-6a9a7ec0f9c4,aeps-47080297-Mailo,-78.77962097525598
Mallares,-4.8724819842423175,Antes del Puente de saman a la izquierda,uuid:0600346b-7d5d-44ef-b4b4-fe44c5b9d113,aeps-03622031-Mallares,-80.7457408681512
Mallares,-4.872769279657608,Antes del puente de Saman a la izquierda,uuid:09b0fd6f-8bdd-4dc3-89c8-c4b86c0628fb,aeps-03626069-Mallares,-80.74573416262865
Mallares,-4.865365,Entrada a la colca de la segunda,uuid:0d3546fc-7fa1-4457-8720-862fc459c926,aeps-03625852-Mallares,-80.750435
Mallares,-4.866228333333334,,uuid:3553895c-5d0f-4254-ae0a-0a133444c4cc,aeps-03491590-Mallares,-80.75008
Mallares,-4.866485,Panamericana Norte - Entrada a la colca,uuid:3a8bf70e-55ea-4aa8-ad40-6d1325974322,aeps-03622977-Mallares,-80.7499
Mallares,-4.868903333333334,,uuid:4f22a414-69b2-4ca1-aee4-9ce2343a9653,aeps-03626867-Mallares,-80.74787833333333
Mallares,-4.858986644963261,Carretera Sullana Tumbes,uuid:5c445f60-3081-4a83-88a8-c797c6ac7f30,aeps-03627538-Mallares,-80.75278099626303
Mallares,-4.866280000000001,Entrada a la colca,uuid:700d1eb9-042b-411a-a19a-4e9e46f490f1,aeps-03622409-Mallares,-80.75058166666666
Mallares,-4.860116666666667,Entrada entre los sectores El Cerezo y Las 14,uuid:8c9643b3-c741-44b9-8088-da62c26fa9b4,aeps-03624130-Mallares,-80.75492833333332
Mallares,-4.8585837549682624,Puente el Cerezo,uuid:aa77aadc-d85a-41ea-85e6-5dcb13bbaa52,aeps-03623329-Mallares,-80.75375195592643
Mallares,-4.869483333333333,Camino a la floración,uuid:aad486de-3b64-43b9-b6cf-dd8c18c495f5,aeps-03680116-Mallares,-80.74781833333333
Mallares,-4.856796136505647,Carretera Sullana Tumbes,uuid:ab2ff120-33a5-4d82-88aa-eb1c5a7bafe7,aeps-03623433-Mallares,-80.75201723724604
Mallares,-4.873421666666667,Entrada a la colca camino a vista florida,uuid:c3d39099-4b33-46fe-aa07-d3a6b81f0559,aeps-33677122-Mallares,-80.74560333333334
Mallares,-4.859036421571132,Entrada a la Quinta a la Izquierda,uuid:d882fe58-d95b-4c96-8bbc-c6b213bfc30f,aeps-03650772-Mallares,-80.74624244123697
Mallares,-4.868085000000001,Entrada a la colca camino al sector vista florida,uuid:e81c5e31-5a36-44d5-b794-03b32e3382a2,aeps-45313558-Mallares,-80.749005
Mallares,-4.865153333333334,,uuid:f204fdcb-b675-40cd-83a7-f75d349187f3,aeps-03622271-Mallares,-80.750725
Mallaritos,-4.85992,Carretera Panamericana,uuid:40e25229-62a3-4095-b2e4-9b832915ec9a,aeps-03654566-Mallaritos,-80.73242666666667
Mallaritos,-4.86345,Panamericanan Norte,uuid:6586ce44-f6de-49fe-955d-2aec46f77691,aeps-40258642-Mallaritos,-80.72603000000001
Mallaritos,-4.859685187493245,Carretera Sullana Tumbes,uuid:6cc3ed2f-12cc-4b68-a2a7-90ee4e20fa18,aeps-40219299-Mallaritos,-80.73480784893037
Mallaritos,-4.862158333333333,,uuid:6d3eaaf2-4927-451d-a3ab-6f2a23493072,aeps-03624997-Mallaritos,-80.727255
Mallaritos,-4.859915,Carretera Panamericana Norte,uuid:85c9a988-c85d-446f-a244-0daf290a7a6f,aeps-03625413-Mallaritos,-80.732725
Mallaritos,-4.8614733333333335,Carretera Panamericana Norte sullana Tumbes,uuid:a203917f-ecb9-4ef3-bfbf-b1aea06066d5,aeps-03626878-Mallaritos,-80.72815166666666
Mallaritos,-4.859897322455858,Entrada de la Quinta a la izquierda,uuid:a4b63b50-1216-42ff-b386-8accf9a77472,aeps-03626496-Mallaritos,-80.73554813861847
Mallaritos,-4.862238333333334,Carretera Sullana,uuid:ad2fdff4-2b2f-4818-b364-6d585b4dad43,aeps-03622077-Mallaritos,-80.72718166666667
Mallaritos,-4.859633333333333,Carretera Panamericana entrada del letrero de la quinta a la izquierda,uuid:b01ed957-9924-4635-bfe4-2e49645e9bfd,aeps-03474534-Mallaritos,-80.73498500000001
Mallaritos,-4.86005,Carretera Panamericana Norte a la Izquierda del letrero de la Quinta,uuid:c961336e-a358-41db-ad50-a42d5de56f45,aeps-03626949-Mallaritos,-80.73714333333334
Mallaritos,-4.859826666666667,Carretera Panamericana Norte,uuid:c9c928cb-015c-4d92-bdbe-dae86d6d8587,aeps-03650659-Mallaritos,-80.731055
Mallaritos,-4.859553333333333,Panamericana Norte a la Izquierda del desvío del letrero de la Quinta,uuid:f36cb605-d5c1-4380-a4a3-811cfcfb07c2,aeps-03624508-Mallaritos,-80.73131333333335
Maran,-4.7522,Carretera a Latina km 24 antes de llegar a Somate Bajo,uuid:9f6b9b67-0d04-4404-942d-8881d10b8e76,aeps-41739467-Maran,-80.53726499999999
Maran,-4.751998333333333,Carretera a Latina Km24 antes de llegar a Somate Bajo,uuid:e06dbdeb-7ce5-4a90-9036-4fb956ad3a48,aeps-40831168-Maran,-80.537255
Maran,-4.76082407983449,Carretera a Somate Bajo,uuid:f47a1f20-624d-4a8b-9c92-ba96db65e2c1,aeps-03561616-Maran,-80.54535370320082
Meshe Vera,-5.683562314063999,Pedregal,uuid:dee18834-69bf-485a-bb59-31f44a01273a,aeps-76071924-Meshe Vera,-78.68259464962861
Mi consuelo,-5.786252454088343,Mandingas,uuid:b6ab5be1-c073-42b7-840b-c511cfb790b7,aeps-33678193-Mi consuelo,-78.26729789545496
Mi tesoro,-5.805111946678482,Naranjitos alto,uuid:55689b71-55ae-46b3-90dc-09dbef56fac6,aeps-33667065-Mi tesoro,-78.26337778959527
Michino,-5.33782851443157,Por el baden,uuid:09590471-d670-49f3-a539-e2e986382ea8,aeps-43559796-Michino,-78.7967432523808
Michino,-5.575383960361347,Serca a la carretera,uuid:e31663d0-4ad9-4a1f-85e4-40d77fa5c9ec,aeps-27283599-Michino,-78.82629286713104
Monte grande,-5.707059368017555,Carretera a San Isidro,uuid:9545f191-ca70-4859-8a45-732a1a32a54b,aeps-42004376-Monte grande,-78.78791335970163
Morales,-5.6402572622758465,Canal plazas,uuid:281847ba-dcee-40c3-b08a-98d8733ce02b,aeps-27681867-Morales,-78.64945191395353
Morerilla,-5.712301425103489,Antes de llegar a utcubamba,uuid:0a6856b1-a337-4540-b57a-6a047a557022,aeps-27732361-Morerilla,-78.48468258976936
Morerilla baja,-5.732118793672403,Antes de llegar a bagua,uuid:9b9b347f-ed42-4bfa-9639-b5ae70f27126,aeps-16439569-Morerilla baja,-78.4675686624909
Morropon,-5.747378323206903,Morropon,uuid:2baaf325-6723-41d7-92ea-a8456b5edcf7,aeps-33641494-Morropon,-78.54591144650247
Morropon,-5.742104468384939,Morropon,uuid:62344a63-dabc-40b0-84c1-a70ccba5e721,aeps-33644856-Morropon,-78.54281544142512
Morropon,-5.752765527988091,Morropon,uuid:b5436263-665d-4082-820e-3d83863f1e5e,aeps-48010272-Morropon,-78.55037625959194
Nogales,-6.779596848032978,,uuid:611607c8-9c56-448e-a2c5-ec05ec49f78d,aeps-41437098-Nogales,-79.89847596734762
Nogales,-6.77712615522044,,uuid:cf20801a-d0d6-416e-82e8-1b54dfac26b3,aeps-06811781-Nogales,-79.89410664886236
Nuevo mundo Herminio fernandez,-7.11356217,Caserío Nuevo mundo,uuid:548f3c03-250e-45c0-9941-668e568a3446,aeps-0-Nuevo mundo Herminio fernandez,-76.50543715
Nuevo mundo stalyn,-7.11817857,Ciudad de Bellavista,uuid:54e175da-8b97-4b61-8cae-1b335a7e8806,aeps-0-Nuevo mundo stalyn,-76.51034945
Nva esperanza,-6.929291832308258,Frente a la plaza,uuid:8dc230e8-b331-4af7-ad42-c4ceddf26b40,aeps-40686446-Nva esperanza,-76.39891739934683
Paguillas,-5.653585899881413,Paguillas,uuid:ff3b1fa5-57e3-4349-be38-1ea625370e32,aeps-27680722-Paguillas,-78.69273615516391
Pampa grande,-5.3558623628852855,El triunfo,uuid:69e90d2d-adde-4a88-9bc0-49c806786214,aeps-27748094-Pampa grande,-78.84843552523198
Pancho,-5.649818653163033,Serca a la carretera,uuid:6cc26284-c204-435c-9a89-7834d7860b18,aeps-27670049-Pancho,-78.66061370819807
Pantaleon,-6.677511882466801,,uuid:2247a8c7-1995-45fb-a9e2-9f52bc644716,aeps-17521885-Pantaleon,-79.87132497131824
Papelillo,-6.656492361972417,,uuid:263d4576-fb15-496b-a07e-97fdbe023398,aeps-17428810-Papelillo,-79.82313573360443
Papelillo,-6.644597551900742,,uuid:ec5a8ae0-3f2d-4981-85e7-c4506fadc0ac,aeps-42029834-Papelillo,-79.82529927045107
Parcela Adán miranda,-6.79614101,Carretera San Pablo,uuid:29d93083-5337-4a09-8b28-49c0b874cbda,aeps-00869074-Parcela Adán miranda,-76.59153884
Parcela Agustín goicochea,-6.96440829,,uuid:d6a3d39f-474d-40bc-be5a-1c543bddb215,aeps-27662914-Parcela Agustín goicochea,-76.50412638
Parcela Alexandro pinedo,-7.23676526,Carretera a barranca,uuid:1435246d-848a-401a-8a3e-cbec4b97eaab,aeps-000-Parcela Alexandro pinedo,-76.47569832
Parcela Alexis mozombite,-7.18339226,Carretera al caserío dos unidos,uuid:495d7a9f-5f5d-43f4-a4f3-2f0cd0be968a,aeps-000-Parcela Alexis mozombite,-76.50440943
Parcela Andrés campos,-6.88039859,A 25 minutos de Bellavista,uuid:34ceffc5-3da4-4fb2-8a2c-0d94884bcd22,aeps-44072469-Parcela Andrés campos,-76.55889643
Parcela Aníbal salinas,-6.82873901,A 10 minutos de San pablo,uuid:c2ad9250-336e-489c-aaae-bb17213da0c0,aeps-01073608-Parcela Aníbal salinas,-76.55712049
Parcela Arnaldo Suárez rivero,-6.85253374,A 15 minutos de San Pablo,uuid:35604d85-10a9-4e9f-8d93-3919b16b9519,aeps-40372573-Parcela Arnaldo Suárez rivero,-76.55784598
Parcela Arturo Malon,-7.0299921,A 15 minutos de Bellavista,uuid:7604ce16-85e9-4c4f-88d9-96247d8b8ac7,aeps-33588463-Parcela Arturo Malon,-76.55824563
Parcela Augusto del águila,-7.20113149,Carretera a cusco,uuid:5aa32951-12dc-45eb-9e75-7e3f884920b5,aeps-00875577-Parcela Augusto del águila,-76.49578118
Parcela Augusto sinarahua,-7.22537235,Carretera a Cusco,uuid:1a559354-9a27-4533-b4c9-b5c418b44f56,aeps-70014114-Parcela Augusto sinarahua,-76.4818812
Parcela Benjamin Ramírez,-6.83384552,A 10 minutos de San Pablo,uuid:a1af40e1-6210-4b9e-8b95-cd2b8a3f57a0,aeps-01107362-Parcela Benjamin Ramírez,-76.55716701
Parcela Beto,-7.09801875,A 12 minutos de nuevo mundo,uuid:81e73cc0-a6cd-4042-be04-2acab8578a15,aeps-0-Parcela Beto,-76.4843738
Parcela Brayan Mendoza angulo,-7.23697307,Carretera a barranca,uuid:114d81e9-7ae1-43b7-a131-05b4f7a2f3e7,aeps-000-Parcela Brayan Mendoza angulo,-76.4774149
Parcela Carlos rios,-6.94756659,A media hora de picota,uuid:ce864f08-3070-43e7-aba9-3161c9e2dbc4,aeps-000-Parcela Carlos rios,-76.25610039
Parcela Castillo Elmer,-7.22225761,Carretera a puerto nuevo,uuid:e1493aac-3e7c-462b-b586-df9a7957bfba,aeps-0-Parcela Castillo Elmer,-76.48360913
Parcela Catalino Rodríguez,-6.83716039,A 10 minutos de San Pablo,uuid:82c0e88d-1841-4590-b79f-0e64220043dd,aeps-27414867-Parcela Catalino Rodríguez,-76.55648026
Parcela Cieza Max,-7.23024254,Carretera a barranca,uuid:22704751-d5af-42d0-8459-7383ccfe7673,aeps-0-Parcela Cieza Max,-76.47929966
Parcela César Guevara,-7.00195144,A 15 minutos del caserío San jose,uuid:7f490625-9ef3-4e16-8c6f-546492e51a68,aeps-00000000-Parcela César Guevara,-76.51639941
Parcela César zapata,-7.25085004,Carretera a Cusco,uuid:28f31192-fd06-4e35-809b-a6c84f3b17e5,aeps-0000-Parcela César zapata,-76.46899677
Parcela Daniel Vasquez,-7.17758635,Carretera a barranca,uuid:21fa48a6-dedd-447f-8d4b-c5cc2c0a27fc,aeps-73388366-Parcela Daniel Vasquez,-76.49466141
Parcela Daniel jimenez,-7.0654358,A 5 minutos de la carretera a tarapoto,uuid:a34cd3cc-4801-4b4b-b031-cfa6331fcd0b,aeps-80637351-Parcela Daniel jimenez,-76.58373669
Parcela Darwin Vasquez,-6.7813722,Carretera San Pablo,uuid:0260c5d4-5ee2-4baf-9252-782b621ddd35,aeps-00875458-Parcela Darwin Vasquez,-76.60658813
Parcela Edulfo Jimenez,-6.97237301,A 15 minutos de San hilarion,uuid:d014772c-9386-497e-9c81-f51f78335bb2,aeps-45152167-Parcela Edulfo Jimenez,-76.47996091
Parcela Edwin Rodríguez,-7.21069745,Carretera a Cusco,uuid:90330f79-9510-454a-aff8-5ab5d04fc9f5,aeps-45072602-Parcela Edwin Rodríguez,-76.48983679
Parcela Enrique Balladares,-6.78250509,Carretera San Pablo,uuid:165c7ef5-34c7-4e3f-a4ee-95c460fc5c7e,aeps-01139554-Parcela Enrique Balladares,-76.60857412
Parcela Erick Ruiz rorres,-7.23524221,Carretera a cusco,uuid:f9400fc3-63c5-4ced-a8fc-16a2a7a4c1f5,aeps-0000-Parcela Erick Ruiz rorres,-76.48425033
Parcela Erick ríos fasabi,-7.23595894,Carretera a cusco,uuid:285c9fcf-3bcf-45b5-a8fe-e5948d9b816f,aeps-70037430-Parcela Erick ríos fasabi,-76.48912337
Parcela Eugenio Pérez,-6.89678422,A 25 minutos de bellavista,uuid:e81132ce-68f5-44a2-8f82-d04ecb1e4103,aeps-00886232-Parcela Eugenio Pérez,-76.57135499
Parcela Eugenio abad,-6.967908,A 30 minutos de picota,uuid:e56f001d-7c1c-4131-a9f0-77d6c80a8add,aeps-0000-Parcela Eugenio abad,-76.26175666
Parcela Ezequiel ambulay,-6.79737926,Carretera a San Pablo,uuid:1d21ca58-c237-4a7b-8498-f72d5916caaa,aeps-00924009-Parcela Ezequiel ambulay,-76.58928775
Parcela Fabio Mendoza,-6.9660323,A 20 minutos de San hilarion,uuid:cbd6a579-9ee9-4070-97fe-75019ec7e57b,aeps-00000-Parcela Fabio Mendoza,-76.51193878
Parcela Felipe sangama navarro,-6.88560932,A 25 minutos de Bellavista,uuid:c76f9cfb-4231-485f-8077-97db43648349,aeps-00873727-Parcela Felipe sangama navarro,-76.56986538
Parcela Fredy romero,-7.17940356,Carretera a Barranca,uuid:23557c83-bff9-4ae1-bad3-4475d6907a8d,aeps-00567443-Parcela Fredy romero,-76.50174974
Parcela Félix peña cabrera,-6.8854009,A 25 minutos de bellavista,uuid:794a66e4-a979-4977-bbc4-e68c04d69aa5,aeps-00872610-Parcela Félix peña cabrera,-76.56978519
Parcela Gagarin Jiménez,-7.25846877,Carretera a barranca,uuid:7e9393cf-10ad-4fc2-93b2-62134a08c094,aeps-00765438-Parcela Gagarin Jiménez,-76.47076709
Parcela Galeno Rengifo,-7.16392489,A 10 minutos de la pista entrada al caserio la unión,uuid:5e97acf7-0f9c-4248-8d14-8a0c6ee88d78,aeps-0-Parcela Galeno Rengifo,-76.51390172
Parcela Gamonal Cesar,-7.14380585,A 20 minutos de Bellavista,uuid:ea765f20-8ef1-4c89-a83c-211ac97e3f8b,aeps-0-Parcela Gamonal Cesar,-76.65476158
Parcela Guido armas,-7.16805771,Camino a barranca,uuid:7f3beebf-3cd6-4cd5-894f-80e9e07a2fec,aeps-00326587-Parcela Guido armas,-76.4937308
Parcela Harrison alvarado,-6.87766934,A 25 minutos de San Pablo,uuid:f9cbe521-e35a-4234-a91c-926ad0d9241a,aeps-00884250-Parcela Harrison alvarado,-76.55314402
Parcela Harry muños,-6.96578973,A media hora de picota,uuid:857eac8e-d7a7-45fe-b2d5-ee17802683fb,aeps-000-Parcela Harry muños,-76.26116677
Parcela Hector cabos,-6.96530319,A 15 minutos de San Hilarion,uuid:cd7e2471-c158-4c88-aba2-28b2c4207e39,aeps-40671324-Parcela Hector cabos,-76.49990425
Parcela Hernandez Pedro,-7.0419512,Carretera a Bellavista,uuid:017ee5fc-5e6b-46df-99d8-15e34d868fb2,aeps-0-Parcela Hernandez Pedro,-76.56399057
Parcela Hilario alberca,-6.94870534,A 20 minutos de San Hilarión,uuid:b5dc603b-5372-4cdd-8dbb-ee8f631c372d,aeps-01141553-Parcela Hilario alberca,-76.52750294
Parcela Itaniel,-7.00475399,Carhuapoma,uuid:0c17b378-290f-43cc-aca2-99c605ab42f2,aeps-0-Parcela Itaniel,-76.51512923
Parcela Iván García,-6.90998079,A 25 minutos de Bellavista,uuid:815febf7-1eaa-4937-a727-72d488aeaea4,aeps-43463744-Parcela Iván García,-76.57070997
Parcela Jackson estrella,-7.24183875,Caserío Cusco,uuid:c88d14ef-93c4-4716-9750-0c8fb592bf47,aeps-0000-Parcela Jackson estrella,-76.47194675
Parcela Jairo Bartra,-6.87341308,A 23 minutos de San Pablo,uuid:3880d2dc-983f-469a-bc17-5cf5bf5f6083,aeps-01148382-Parcela Jairo Bartra,-76.555958
Parcela Jhon flores,-7.18029407,Carretera camino a barranca,uuid:7c1541f7-6bd9-4e1a-9181-b2603fd93c18,aeps-74202719-Parcela Jhon flores,-76.49863821
Parcela Jorge delgado sanchez,-6.96397212,A 30 minutos de picota,uuid:d69a59ab-ce97-4fcc-a202-3db9eda2b0d7,aeps-000-Parcela Jorge delgado sanchez,-76.26065562
Parcela Jorge pinedo,-6.95262976,A media hora de picota,uuid:5e9225d0-87f1-4449-bdbb-99b99c50242b,aeps-000-Parcela Jorge pinedo,-76.25751821
Parcela Jose Fidel,-6.96145813,A media hora de picota,uuid:4908586b-a177-43d0-aa6c-3d12399d6350,aeps-000-Parcela Jose Fidel,-76.25993525
Parcela Jose saldaña,-7.18403892,Camino al caserío dos unidos,uuid:98d361ee-627c-4755-8685-f602f68d9774,aeps-72223136-Parcela Jose saldaña,-76.49658453
Parcela José serafín,-6.88939889,A 25 minutos de Bellavista,uuid:0b9105e6-1a5a-45d8-a774-d0a4dc73c3c7,aeps-03127605-Parcela José serafín,-76.57032412
Parcela Juan Meza,-6.85760891,A 15 minutos de San pablo,uuid:22959edc-4f62-4136-b7b9-c3f2155ef3c8,aeps-00869717-Parcela Juan Meza,-76.55734198
Parcela Juan tejada,-7.20252485,Carretera a Cusco,uuid:c63b9f88-f446-4da0-90f4-df64116120d4,aeps-00874265-Parcela Juan tejada,-76.49931788
Parcela Juanito llanos,-6.99658241,A 5 minutos de San Hilarión,uuid:531c4c35-1c11-4070-93fe-d67794f76199,aeps-000000-Parcela Juanito llanos,-76.43282981
Parcela Julio Pérez,-7.21619133,Carretera bajo biavo,uuid:c8b50f95-f874-441e-9989-cbe7d43efd3c,aeps-0-Parcela Julio Pérez,-76.48700267
Parcela Julián tenazoa,-6.79960068,Carretera San pablo,uuid:b589af09-c49c-46cd-8a7f-5ded45990735,aeps-01081464-Parcela Julián tenazoa,-76.58754072
Parcela Kevin rivera,-7.24603231,Carretera a Cusco,uuid:fef59b5e-138a-48df-8128-6b0bec53eef4,aeps-000-Parcela Kevin rivera,-76.46975492
Parcela Luis ayala,-7.05073878,Santa catalina,uuid:16008421-111b-4999-b037-6809621cb3d6,aeps-45934756-Parcela Luis ayala,-76.51382205
Parcela Manuel sajami,-6.83920771,A 12 minutos de San Pablo,uuid:9acf8e62-1ffe-4e79-b81a-a81813bf4987,aeps-00885728-Parcela Manuel sajami,-76.55621918
Parcela Marcelo macedo,-6.8797956,Caserío José pardo,uuid:9ef07fe5-1b83-47bd-9c4f-4f395815632d,aeps-00885753-Parcela Marcelo macedo,-76.5530076
Parcela Martin acosta,-7.17024595,Camino a barranca,uuid:bbcb29d4-c864-43e1-9aea-52cf313a2583,aeps-00876592-Parcela Martin acosta,-76.49438043
Parcela Mera marcos,-6.98488934,A 5 minutos de San Hilarion,uuid:d56a393e-293b-42ee-b5cf-b0970b20b6a0,aeps-0-Parcela Mera marcos,-76.45235441
Parcela Mercedes garcia,-6.96848005,A 20 minutos de San Hilarión,uuid:cfef5470-485d-42f7-aff7-aa3510bbc56e,aeps-21681662-Parcela Mercedes garcia,-76.51332363
Parcela Miguel garcia,-6.93595609,A 25 minutos de San Hilarión,uuid:fa9f1746-96f9-4ff6-bcfa-6efa9cdbf3b6,aeps-00-Parcela Miguel garcia,-76.53873289
Parcela Miguel jimenez,-7.17326632,,uuid:5a453fa6-00c7-4d16-8029-eb740ee1a1bf,aeps-000-Parcela Miguel jimenez,-76.49614515
Parcela Miguel ventanilla,-7.18177698,Camino al caserío dos unidos,uuid:1c8af14e-c777-433c-9a72-b47712d41e2e,aeps-71689975-Parcela Miguel ventanilla,-76.49362525
Parcela Nelson jimenes,-6.95742305,A media hora de picota,uuid:6e9dc65f-bce2-456b-b2ae-09b128e548a5,aeps-000-Parcela Nelson jimenes,-76.25886372
Parcela Nemesio Vasquez,-6.86467147,A 20 minutos de San Pablo,uuid:2209a688-dafa-493c-a3b2-91b68d3246bf,aeps-40391213-Parcela Nemesio Vasquez,-76.55656191
Parcela Olivera,-7.1617058,A 12 minutos del caserío la unión,uuid:6cdc1e29-6d8f-4388-afb1-bf304b88e8b2,aeps-0-Parcela Olivera,-76.51459355
Parcela Oswaldo marchena,-7.18001919,Carretera a barranca,uuid:44a1f634-539c-41c2-9179-535c858302c2,aeps-70152284-Parcela Oswaldo marchena,-76.50011247
Parcela Pedro Jimenez,-7.03577677,Carretera a carhuapoma,uuid:59c088d6-2ac4-4816-8c30-3845b888c4d3,aeps-0-Parcela Pedro Jimenez,-76.4986472
Parcela Pedro perez,-7.02687135,A 20 minutos de Bellavista,uuid:3e922672-27e3-4997-bf24-4f2495f17e9c,aeps-45123999-Parcela Pedro perez,-76.55633428
Parcela Pedro tavera,-6.8699233,A 20 minutos de San Pablo,uuid:4f711567-cc1e-4126-ae36-fed190add20e,aeps-45541562-Parcela Pedro tavera,-76.55610277
Parcela Rafael cohe,-6.78038297,Carretera San Pablo,uuid:3103b814-69eb-4435-9dfe-e1886deab953,aeps-01156800-Parcela Rafael cohe,-76.6067183
Parcela Rafael valles,-6.88116875,A 25 minutos de Bellavista,uuid:cb1af811-510f-4699-8349-fd0dc34f74cd,aeps-42960355-Parcela Rafael valles,-76.56173315
Parcela Ramiro González,-6.86215983,A 15 minutos de San Pablo,uuid:f8c9f8d3-a5d3-4fd5-9ab1-cffb8286bac3,aeps-00874815-Parcela Ramiro González,-76.55684729
Parcela Raul campos,-6.88822554,A 25 minutos de bellavista,uuid:5cd8d739-33f9-4ea6-8950-d086512cc8cb,aeps-00873731-Parcela Raul campos,-76.56992928
Parcela Reinaldo cruzado,-6.78315817,Carretera San Pablo,uuid:070d36b1-e11c-4d00-ba15-41b3bd51dc77,aeps-18167869-Parcela Reinaldo cruzado,-76.60883364
Parcela Ricardo Jiménez,-6.82188923,Caserío shimbillo,uuid:9f2c96d3-8be9-4ad2-9195-9493c7d6a775,aeps-0-Parcela Ricardo Jiménez,-76.32698636
Parcela Richar Chilon,-7.06528889,Distrito de San Pablo,uuid:da3ae1fe-a272-43e3-a7fd-0928952d66bf,aeps-42077803-Parcela Richar Chilon,-76.5836966
Parcela Richar Ruiz pisco,-7.23318153,Carretera a cusco,uuid:42bab2a2-3ed2-4bba-a957-c8d3bc5cba82,aeps-0000-Parcela Richar Ruiz pisco,-76.48011193
Parcela Rodolfo manay,-6.79592114,Carretera San Pablo,uuid:1ac9ec11-9710-4dae-aabe-7ab254f52768,aeps-40473477-Parcela Rodolfo manay,-76.59486712
Parcela Roger vela,-6.84294279,A 14 minutos de San Pablo,uuid:46a8eba3-6005-4837-a8b2-d51aa5e163e2,aeps-00844990-Parcela Roger vela,-76.55621561
Parcela Romel Santamaria,-7.18762799,Carretera al caserío dos unidos,uuid:bece451c-f802-43de-9dc0-1fc81eb6b5c3,aeps-0000-Parcela Romel Santamaria,-76.49737472
Parcela Rubén rios,-7.26240921,Carretera a barranca,uuid:1df4a372-d9e0-490f-99c2-07eac4d21617,aeps-000-Parcela Rubén rios,-76.46784964
Parcela Santacruz,-6.984949,7 minutos de San Hilarión,uuid:e2dd389e-3b4d-4f0e-a947-bbb0e47d3d9d,aeps-0-Parcela Santacruz,-76.45237764
Parcela Tadeo padilla,-6.95961964,A media hora de picota,uuid:2dc3b331-1b03-4270-a927-8220b5fe87ee,aeps-000-Parcela Tadeo padilla,-76.2594451
Parcela Tafur Harol,-7.04866084,Carretera a santa Catalina,uuid:888d07d0-ebb8-4aa7-bd84-29923a22659f,aeps-0-Parcela Tafur Harol,-76.52997274
Parcela Teófilo huanca,-6.79082719,Carretera San Pablo,uuid:fcc73a86-93ff-4208-b1d4-0266d1ec2a64,aeps-01141597-Parcela Teófilo huanca,-76.60044176
Parcela Wilson guerrero del aguila,-6.89458364,A 25 minutos de bellavista,uuid:e7956ac1-4cee-4568-a455-dfecba4a796a,aeps-00875018-Parcela Wilson guerrero del aguila,-76.57046487
Parcela Wilson nuñez,-7.18119875,Camino a dos unidos,uuid:2efb5e6f-d69d-41fe-ace3-5c9925d31817,aeps-78452743-Parcela Wilson nuñez,-76.49557606
Parcela Yerson Gormas,-6.49952592,A dos minutos de la carretera a limon,uuid:7df7c123-c978-4c1a-8972-7de2b90f333d,aeps-01160652-Parcela Yerson Gormas,-76.37628859
Parcela adan rodriguez,-7.23432951,Carretera a Cusco,uuid:b3a83535-26c7-4986-8b7f-4c0c215d6cce,aeps-0000-Parcela adan rodriguez,-76.48417446
Parcela aricho rafael,-7.09732679,A 12 minutos  del caserío Nuevo mundo,uuid:4d5ff36a-028e-46d5-98a0-feeef5658dc5,aeps-0-Parcela aricho rafael,-76.48339213
Parcela armando rivero,-7.16457649,,uuid:4b6884d2-2511-4d82-a4a3-af8ac77016fe,aeps-00981245-Parcela armando rivero,-76.49573667
Parcela artidoro ventura,-7.26789928,Carretera barranca,uuid:ab4dab2d-4e93-4ab3-a4dc-974fb39effac,aeps-00480828-Parcela artidoro ventura,-76.46603231
Parcela carmelino garcia,-6.96079593,A 20 minutos de San hilarion,uuid:07416bdc-ea1b-4b9f-a9cd-cb8fa42bde31,aeps-01166118-Parcela carmelino garcia,-76.51745048
Parcela carmen,-6.96928337,A 15 minutos de San Hilarión,uuid:6e9aa37e-339d-4084-a56c-50453b2eb8ef,aeps-03091203-Parcela carmen,-76.51359067
Parcela chamba,-6.97118832,A 15 minutos de San Hilarión,uuid:f7e9fd98-c461-4648-93a7-3f5a07f6cef5,aeps-43887682-Parcela chamba,-76.48761963
Parcela crisaida,-6.94381637,A 25 minutos de San Hilarión,uuid:a6ce8fdb-6408-4318-8b38-e261b80d4401,aeps-01102139-Parcela crisaida,-76.53255101
Parcela deiver mozombite,-6.95466401,A media hora de picota,uuid:38ef3bc1-2ed3-47c0-9e33-3ca28021d688,aeps-000-Parcela deiver mozombite,-76.25807995
Parcela egdar Córdoba,-6.96850225,A 15 minutos de San Hilarión,uuid:e6264923-8e75-4e5a-94f2-cc40ae7834ee,aeps-41988124-Parcela egdar Córdoba,-76.49254062
Parcela erminio bocanegra,-7.21686333,Carretera a cusco,uuid:2009c4a6-21aa-43c5-88ec-a8cc9455c5f1,aeps-70037449-Parcela erminio bocanegra,-76.48858065
Parcela fabio,-6.82197194,A 10 minutos de San Pablo,uuid:cb7824ba-2b39-4681-9076-6cf1482f91ab,aeps-46714800-Parcela fabio,-76.56389935
Parcela fermin,-6.96522369,A 25 minutos de San hilarion,uuid:b0c2c260-21d0-4e58-b36f-a18a8bf4da04,aeps-03080692-Parcela fermin,-76.51381334
Parcela geramin lopez,-7.21141419,Carretera a Cusco,uuid:314d279b-b091-4972-9a19-e2f439130b7d,aeps-42023346-Parcela geramin lopez,-76.49440096
Parcela hubaldo Vázquez,-6.9618796,A 100 metros del caserío cazpisapa,uuid:17bc7f39-41b0-435c-99ea-99035e8e640d,aeps-0000-Parcela hubaldo Vázquez,-76.42404251
Parcela jayo tapullima,-7.22902269,Carretera a cusco,uuid:6e7533ca-3fa2-4fd2-b69a-dabd8c25736b,aeps-70031369-Parcela jayo tapullima,-76.48009066
Parcela joaquin Jiménez,-6.97739127,A 15 minutos de San Hilarión,uuid:a948aef8-5bfd-47bc-a1ec-5ed0ede12970,aeps-80617407-Parcela joaquin Jiménez,-76.46641443
Parcela juan ganosa,-6.88390375,A 25 minutos de Bellavista,uuid:17bfab15-027c-4a96-b7ef-a05d4125e085,aeps-00871556-Parcela juan ganosa,-76.56831316
Parcela leodoro garcia,-6.88142358,A 25 minutos de Bellavista,uuid:93af38b6-bdc4-468f-a475-aa5718134594,aeps-41009544-Parcela leodoro garcia,-76.56632285
Parcela ludger sinarahua,-6.94419196,A media hora de picota,uuid:c1449f8f-c12d-413e-af6c-ae308e431316,aeps-000-Parcela ludger sinarahua,-76.25516276
Parcela lusmila,-6.93898593,A 25 minutos de San Hilarión,uuid:16065626-5241-4479-8ace-816ae44b1f1e,aeps-00868319-Parcela lusmila,-76.53707662
Parcela maguin García,-7.14677092,A 25 minutos de Bellavista,uuid:9bb609f2-a69f-4685-929c-be4c6d36d933,aeps-40047299-Parcela maguin García,-76.63892192
Parcela marcial guerra,-6.94944708,A media hora de picota,uuid:3d5ed142-7215-44a5-8dd2-06b5eb3fea3e,aeps-000-Parcela marcial guerra,-76.25663977
Parcela mariano guerra,-7.24106846,Carretera a barranca,uuid:61f6a9b3-f6b1-4e67-8145-cca7fbe5de16,aeps-000-Parcela mariano guerra,-76.47335599
Parcela mauro Santiago,-7.23554696,Carretera a cusco,uuid:202503dd-c844-4fb1-b145-2a2584ea86bf,aeps-70037433-Parcela mauro Santiago,-76.48809813
Parcela mayker aguirre,-7.18413203,Camino al caserío de dos unidos,uuid:30306d96-2ff7-4695-9179-94510dcb6d5c,aeps-71778254-Parcela mayker aguirre,-76.49950777
Parcela narciso pinedo,-7.23823994,Carretera a barranca,uuid:94066aa0-7ed7-4e44-8c2a-d4e51364124c,aeps-000-Parcela narciso pinedo,-76.47389274
Parcela pascual teran,-6.95471477,A 20 minutos de San Hilarión,uuid:f01fe0da-bc83-4666-9b1a-6a87fea434f7,aeps-01141707-Parcela pascual teran,-76.52232678
Parcela pedro Rodríguez,-7.14620082,A 25 minutos de Bellavista,uuid:05a80511-2b88-4ea3-a0e6-3129f5ddab2b,aeps-00889024-Parcela pedro Rodríguez,-76.65747394
Parcela pedro rojas,-7.17677022,Carretera a barranca,uuid:12275bc9-9eff-4bcd-9d6f-b6855fde507d,aeps-000-Parcela pedro rojas,-76.49698703
Parcela rogerlan rivera silva,-6.84861144,A 15 minutos de San Pablo,uuid:6a3e65cd-6e8b-4bdb-a938-a4855c2be2c7,aeps-00872234-Parcela rogerlan rivera silva,-76.55961832
Parcela salastino cardenas,-6.89163274,A 25 minutos de bellavista,uuid:b60de87b-c2c2-493d-9669-c58f66e82947,aeps-00874505-Parcela salastino cardenas,-76.57062354
Parihuaman,-5.653739252604603,Por la pista,uuid:b66d8c61-18e3-4025-a405-bb2269db44ab,aeps-27717355-Parihuaman,-78.75025804581897
Pedregal,-5.798334954154542,San Lorenzo,uuid:1ce3881b-e3da-43d2-bee0-7aec2cb4c5e4,aeps-33642064-Pedregal,-78.25262454922755
Pedregal,-5.68222699383124,Camino a la pushuma,uuid:773ff200-3501-49b2-9144-39a314ef1c7a,aeps-40274485-Pedregal,-78.68359014574101
Pez perdido,-5.804977493656035,Naranjos Alto,uuid:7f80346a-757d-4a9a-9d91-f2f674af201f,aeps-43539007-Pez perdido,-78.26343304954852
Piedra parada,-6.661303753792176,,uuid:9a133c67-06d1-4467-a4aa-289d5bced2b2,aeps-46315203-Piedra parada,-79.8198976367712
Pitipo,-6.579689554733991,Carretera a pitipo,uuid:2161880c-6992-44ff-8f3b-9c565aab8c6f,aeps-17408185-Pitipo,-79.77699302136898
Puente A,-6.5072067318276785,,uuid:9340077c-02c5-4969-8aa0-2dce3e0b897d,aeps-10393959-Puente A,-79.84922625124454
Puente A,-6.517135160417594,,uuid:9fb7d3e9-3172-44bc-b341-2f72f45dc1ee,aeps-77500212-Puente A,-79.85203821212053
Punto 2,-6.517714770713279,,uuid:2258bdd9-c2be-45f2-baa0-9de6a1235789,aeps-45381660-Punto 2,-79.85751494765282
Punto 2,-6.518231422774218,,uuid:d94f8378-0166-404e-81e4-aa06bbb03448,aeps-17436737-Punto 2,-79.85690474510194
Punto 5,-6.517942284226726,,uuid:4a5bcc73-3df5-41bd-86ad-cd87dd467a3c,aeps-09181616-Punto 5,-79.8539637029171
Punto 6,-6.777671832838701,,uuid:3e6216b0-80b9-40d5-ac7e-f58a2b60c061,aeps-46821663-Punto 6,-79.89385854452848
Punto 6,-6.777520681199091,,uuid:567037e0-4b7d-4c20-9bb2-0cc7a1d75412,aeps-18189534-Punto 6,-79.89230051636696
Punto 6,-6.772762709663774,,uuid:96a31482-e220-4d16-ba87-665d16862d9d,aeps-46483163-Punto 6,-79.89715263247491
Punto 6,-6.7769969770239475,,uuid:f34816f4-ddf3-4dea-9dba-a04324227860,aeps-46296982-Punto 6,-79.89664234220982
Punto F,-6.766271070834069,,uuid:caa7f3db-d5e0-494f-9ee4-2091436f9920,aeps-06326262-Punto F,-79.89272531121969
Quenosa,-6.55627700095905,,uuid:1e7e562e-38c5-450b-91fe-25c424869f55,aeps-17568512-Quenosa,-79.95886657387018
Quiroz,-5.800364721880289,Naranjitos Alto,uuid:3fdf7a69-7245-4c46-90db-522573e91206,aeps-48643782-Quiroz,-78.25601437794552
Rocio,-5.542973957851763,Carretera a shumba bajo,uuid:700b58b7-c4c7-45c9-bcd4-1a0c6cec925f,aeps-40993683-Rocio,-78.79574608057737
Rosario,-6.791526976442132,,uuid:0a5ae3c9-b0fa-42ae-bf23-c789d0778d87,aeps-17451840-Rosario,-79.89618066698313
Rosario,-6.753720366115343,,uuid:c6f6f980-8be8-4b27-9b65-64647206c896,aeps-45376949-Rosario,-79.87827222794294
Rosario,-6.737444850906117,,uuid:e71d427d-792d-4cb4-8155-ab0a09f77665,aeps-02820111-Rosario,-79.85276140272616
San Andres Plazas,-5.647737305004137,Carretera canal plazas,uuid:8dff36cb-af1d-49d9-83ef-7af4a6bf1d44,aeps-27752992-San Andres Plazas,-78.65191762471665
San Carlos,-5.530248649328871,Pilo de pista,uuid:e62da9a2-8455-4b5c-892f-d923a5bc58b5,aeps-27711780-San Carlos,-78.82431007899154
San Ignacio,-4.882446052406882,Puente Canal Norte,uuid:477bf067-f98b-486e-a7e3-7d6833c40a9b,aeps-80314555-San Ignacio,-80.87948452681304
San Ignacio Escudero,-4.868033333333333,Canal norte,uuid:4c72ea1f-bbc2-4c9e-88d2-2bb8b9c7fad1,aeps-40299392-San Ignacio Escudero,-80.86156
San Isidro,-5.705818808198132,San Isidro,uuid:165eb3f5-02f3-434c-a39c-ff47846e8d32,aeps-27681591-San Isidro,-78.78689438805823
San Isidro,-5.6555879074747395,Callejon la capilla,uuid:6e1180d9-f93b-4aff-b241-ec5bf350884e,aeps-27680478-San Isidro,-78.7039470722033
San Jorge,-4.729328333333333,Bajada El Molino Viejo,uuid:6fa6a5fa-e61e-462e-b358-1cbb443b3330,aeps-03570128-San Jorge,-80.53017
San Jose,-5.5753443895982455,Serca al pueblo,uuid:0ba7359e-abc2-4f22-b9e2-507eee7c5067,aeps-27731816-San Jose,-78.80538774294004
San Juanito,-5.5234463910890605,Filo de pista,uuid:74524ac0-f1f2-4791-a6c1-b1106944f119,aeps-42983067-San Juanito,-78.82662946931329
San Lorenzo,-5.594519828486458,La Papaya,uuid:5ba754a0-dc0b-4f76-a872-c178bd0845b2,aeps-33561102-San Lorenzo,-78.57527861416338
San Nicolas,-5.722849407303868,Morerilla,uuid:75c4595d-fa74-4d1a-b6bb-a613d27c62a4,aeps-42987053-San Nicolas,-78.46266752135192
San Vernardo 1,-5.71322954684485,La versalla,uuid:44cb988d-cc25-4953-bab0-b0124bc50f14,aeps-43211525-San Vernardo 1,-78.49637101299444
San gabriel,-5.658370974155957,Estrada santa cruz,uuid:dd2ea827-ea7b-49dc-82be-09aa4a238281,aeps-41576091-San gabriel,-78.70772168040276
San german,-6.674452252952746,,uuid:f677616a-2c85-45e1-a76e-f6492d34cc8c,aeps-16577490-San german,-79.87289071083069
San jose,-6.710411679282513,,uuid:0fec4d1c-3914-45e5-b8ed-e5d241a30bac,aeps-17530497-San jose,-79.92554347962141
San pedro,-5.597024047866534,La Papaya,uuid:973f0c77-0ae5-4d43-a96f-7fc1d79cc9d7,aeps-46788270-San pedro,-78.57433330195416
SanJuan Bagua,-5.757127006121676,Naranjitos Alto,uuid:319d0550-7951-46d6-8b80-077a5f830c61,aeps-41970871-SanJuan Bagua,-78.32943733781576
Sanchez,-6.705378338254531,,uuid:8a917a80-b3bc-45eb-b592-e98b12624f94,aeps-45827291-Sanchez,-79.92619626224041
Santa Ana El Pedal,-5.721962552141149,Por el 4 de junio,uuid:714418fb-af13-46a8-bdce-394563b5aa1d,aeps-27702470-Santa Ana El Pedal,-78.79631630659641
Santa Angela,-4.72977,Carretera a Latina,uuid:46b53a2d-359b-4ba9-8215-0456fe99bd8c,aeps-33649194-Santa Angela,-80.53563833333332
Santa Angela,-4.73121,Carretera al Alto Chira,uuid:536bddb5-e3e0-4373-9640-bfd106a3a887,aeps-41099548-Santa Angela,-80.53195166666666
Santa Angela,-4.731681666666667,Carrrtera a Latina mano derecha,uuid:8ed06e33-49ef-40ce-9adf-db06d3784b6c,aeps-44772134-Santa Angela,-80.53363666666668
Santa Barbara,-5.647708370207386,Serca al canal,uuid:5ed3566b-2ec7-4d81-ac6b-dbabea0c8cbc,aeps-27682168-Santa Barbara,-78.66149446591291
Santa Isabel,-5.450913610521215,Serca al pueblo,uuid:38ebc7c2-a914-40b2-a5ec-2b9eb273303e,aeps-27750972-Santa Isabel,-78.83326278080432
Santa Isabel,-5.68556004446194,Huarangopampa,uuid:9f75c30a-f4e5-4346-9ffe-4e4054985657,aeps-33588305-Santa Isabel,-78.51531662466306
Santa Isabel,-5.685542014952982,Huarangopampa,uuid:ce34d9d8-8681-45c3-832f-2d94073a2b45,aeps-33568893-Santa Isabel,-78.51534762355455
Santa Maria,-5.81359624648727,Naranjitos,uuid:ad9ddc80-cb3e-42ad-8dd5-11314ae80989,aeps-70081513-Santa Maria,-78.27652383296068
Santa Sofia,-4.867189379414939,Entrada a Ventarrones a la izquierda,uuid:08c73c20-b4c1-4c43-957b-7dff92092989,aeps-03671726-Santa Sofia,-80.83339646458626
Santa Sofia,-4.867891922237143,Entrada a Ventarrones a la izquierda,uuid:3a6a8915-e76c-401e-aaf1-a71e0e8c000b,aeps-03686683-Santa Sofia,-80.83350978791714
Santa Sofia,-4.86749237823993,Entrada a Ventarrones a la izquierda. Carretera Sullana - Ignacio Escudero,uuid:64dafac1-8d33-43fb-9409-b3b038c3db4d,aeps-03651605-Santa Sofia,-80.83378069102763
Santa Sofia,-4.878202146458224,Carretera Sullana Ventarrones. Entrada a Ventarrones a la Izquierda a santa sofia,uuid:9954c341-7e3d-418c-b299-eddc56d807b9,aeps-03688360-Santa Sofia,-80.8453034609556
Santa Sofia,-4.8778143007554355,Entrada a Ventarrones a la izquierda. Carretera Sullana - Ventarrones,uuid:b0974977-a028-405d-8a02-edf915a409da,aeps-03615169-Santa Sofia,-80.84519181400537
Santa Sofia,-4.866608436413016,Entrada a Ventarrones a la izquierda,uuid:e539c732-aa12-485b-b4c1-1f518dcbde6e,aeps-03616761-Santa Sofia,-80.83323284983635
Santa catalina,-5.582742418696295,Serca al pueblo,uuid:b7a78c5b-eedd-488f-a212-4792ffe333d9,aeps-42856525-Santa catalina,-78.79833084157887
Sedaflor,-5.581355233334874,Serca a la pista,uuid:d6abb8a6-7598-4fa6-a15e-a6a4411b28fa,aeps-27674180-Sedaflor,-78.79963655700799
Sialupe,-6.65817175886938,,uuid:002c9344-a524-43aa-8571-a1a6f527345f,aeps-80310410-Sialupe,-79.85721286386251
Sialupe,-6.669596700219263,,uuid:0c301354-bd3a-412a-b638-cdac82f55cd8,aeps-45211824-Sialupe,-79.86605141311884
Sialupe,-6.6739544119924545,,uuid:0e2032c9-ad74-44b0-8f11-3debd2671c6f,aeps-17530044-Sialupe,-79.86138302832842
Sialupe,-6.676670719358538,,uuid:10d2ff0d-63ab-4719-b72d-4daa33f21e16,aeps-17542194-Sialupe,-79.86694693565369
Sialupe,-6.688181807716963,,uuid:2285f1b3-e4cf-4344-bb8c-a420a381f280,aeps-17566817-Sialupe,-79.86716017127037
Sialupe,-6.6758778402200045,,uuid:eb69fd18-7d4a-4a8e-b834-f00dc02e9d5e,aeps-17520812-Sialupe,-79.86002683639526
Sixto,-5.65361554828876,Carretera a Bellavista,uuid:41588690-1761-48d0-a224-90c96712dc96,aeps-27683098-Sixto,-78.69364947080612
Solano,-5.5783724483536945,Por el aeropuerto,uuid:7cd8a697-5000-468c-ad20-4956f30ec03d,aeps-77094312-Solano,-78.78385997295882
Soltin,-6.646593694169031,,uuid:152acc87-fbb6-4fa7-a833-cec52eadbf99,aeps-17413221-Soltin,-79.80521623045206
Soltin,-6.6529457285921,,uuid:af0cefe6-3fe1-4b36-a090-612709842012,aeps-17429256-Soltin,-79.81037814170122
Soltin,-6.647990389496016,,uuid:b6661846-5fe3-49b4-95d6-fb27221bf57a,aeps-17448091-Soltin,-79.81324978172779
Somate Bajo,-4.725759999999999,Iglesia Lourdes,uuid:01243713-5a94-4923-945f-0760f05d2d0d,aeps-03649591-Somate Bajo,-80.52376833333332
Somate Bajo,-4.721401666666667,Canal El Huabo,uuid:02fc48ca-a9f1-41fa-9e99-1bf561504027,aeps-03567901-Somate Bajo,-80.51195
Somate Bajo,-4.731901666666667,Carretera a Latina,uuid:0a59a821-87be-4512-abe9-f51edd34ee40,aeps-03691952-Somate Bajo,-80.53424833333334
Somate Bajo,-4.723986666666667,Entrada al Huabo,uuid:193e4924-07a6-4f4a-af39-7f7f77975862,aeps-03679362-Somate Bajo,-80.50542666666666
Somate Bajo,-4.7305866666666665,Carretera a Latina,uuid:2026c89b-1b2f-4fd8-ae51-6045b0ee80ed,aeps-80598589-Somate Bajo,-80.53155666666666
Somate Bajo,-4.723924620122536,Entrada al Huabo,uuid:2288f9ce-3712-4264-af7d-bbaea98dc571,aeps-03603503-Somate Bajo,-80.50525266677141
Somate Bajo,-4.730393152425449,Cementerio San Luis a la izquierda,uuid:302636f6-c44c-4ebd-9d45-3eff2d7e15cd,aeps-03637323-Somate Bajo,-80.54108664393425
Somate Bajo,-4.724198278453754,Atrás de la Iglesia Lourdes,uuid:411868b9-00e4-418a-a8de-d068a00cf767,aeps-03651342-Somate Bajo,-80.52631806582212
Somate Bajo,-4.731448681252535,Cementerio San Luis a la izquierda,uuid:46831ef3-dafb-43d7-a2bc-31745a99ff0f,aeps-03570001-Somate Bajo,-80.53886611014605
Somate Bajo,-4.731945,Entrada a San Jorge a la izquierda por el molino de la Excoperativa Somate Bajo,uuid:5584d49d-239a-4fb1-8124-fb2215e50b75,aeps-03572456-Somate Bajo,-80.53153166666667
Somate Bajo,-4.724716666666667,Espaldas de la iglesia Lourdes,uuid:58375278-c90b-4351-b2b6-56600e1cdc04,aeps-03690114-Somate Bajo,-80.52667333333333
Somate Bajo,-4.721864999999999,Canal El Huabo,uuid:5af335dc-2a70-453a-b034-b773e1aa3cf1,aeps-03570026-Somate Bajo,-80.511315
Somate Bajo,-4.734150814349789,Entrada al cementerio de Somate Bajo a la izquierda,uuid:5be4d6b9-a7a5-45e8-9c0f-6f10ab156f36,aeps-03567920-Somate Bajo,-80.53755853325129
Somate Bajo,-4.731400000000001,Entrada al cementerio San Luis a la izquierda,uuid:618634fc-fba7-455a-adc0-81fbf034676f,aeps-03643779-Somate Bajo,-80.53741166666667
Somate Bajo,-4.721675,Espaldas de la Iglesia Lourdes - Somate Bajo,uuid:85d1183a-148c-4967-a6e2-55d0deb05e6d,aeps-03570094-Somate Bajo,-80.52245500000001
Somate Bajo,-4.7514916666666664,Carretera Latina km 24 antes de llegar a somate bajo,uuid:8fb0e888-4c64-41df-9b8e-e2a4a3efd8eb,aeps-03562146-Somate Bajo,-80.537905
Somate Bajo,-4.7199774458810415,Espaldas de la iglesia Lourdes,uuid:9349debd-2b6e-45e2-8f47-e333fa50427c,aeps-03879821-Somate Bajo,-80.529357008636
Somate Bajo,-4.730827860757113,Cementerio San Luis a la izquierda,uuid:98c2c870-c144-4f63-809f-e0e34b0d038f,aeps-03567912-Somate Bajo,-80.53967647254467
Somate Bajo,-4.7217416666666665,Canal El Huabo,uuid:9d98ad1f-f09d-4d3e-b08a-9f0bd3f69b50,aeps-03605610-Somate Bajo,-80.51053333333333
Somate Bajo,-4.717812889261091,Entrada a la Iglesia Lourdes,uuid:a0c821a7-51e9-4f48-a2aa-40e06ec98c03,aeps-03607727-Somate Bajo,-80.52437447011471
Somate Bajo,-4.732086876122248,Cementerio San Luis a la izquierda,uuid:b8f2af91-0211-4e7e-86db-3fe9d981cc00,aeps-03572453-Somate Bajo,-80.53894590586424
Somate Bajo,-4.732905000000001,Entrada del Centro Poblado San Jorge Molino Excoperativa a la izquierda,uuid:ca8406c5-6366-447a-be5d-7a462f8d7318,aeps-03602130-Somate Bajo,-80.52755499999999
Somate Bajo,-4.731849641448817,Entrada a San Jorge A la izquierda Molino de Excoperativa Somate Bajo,uuid:f1a0a25d-aaa9-4efc-9e5d-f728985bff52,aeps-30426577-Somate Bajo,-80.53240098059177
Sr. De los milagros Bagua,-5.818569643754429,Naranjitos,uuid:22feecb0-edb2-4fc3-afd5-1d19e8fdf589,aeps-33641112-Sr. De los milagros Bagua,-78.2754200359589
Succe,-7.06527373,Mano izquierda carretera al biavo y a 3 minutos de nuevo mundo,uuid:9584da75-56af-4400-9e0c-3603b91140eb,aeps-0-Succe,-76.5836154
Teofilo,-5.620975118147284,Serca a la pista,uuid:190aea29-a308-462b-b6a5-b82b74da53df,aeps-42587073-Teofilo,-78.7751966714859
Tocaquillo,-5.543543898911333,Serca a la hacienda tocaquillo,uuid:2d5926ff-bf35-4bb7-a2ba-f739bde25f67,aeps-43111256-Tocaquillo,-78.8129129490026
Tororrume,-5.650166647311577,Tororrume,uuid:37037490-fb43-42ae-975e-b13c797bc470,aeps-27727983-Tororrume,-78.72816950082778
Tronco,-6.5035720884010795,,uuid:62d53bfd-6d07-4c88-985c-5c44f5b18b8b,aeps-73489905-Tronco,-79.84251838177443
Ventarrones,-4.851701666666667,Entrada a Ventarrones a la izquierda. Carretera Sullana Tumbes,uuid:094f81c0-1554-41b4-8421-d52212b2ea92,aeps-03614408-Ventarrones,-80.83055166666666
Ventarrones,-4.86469289107002,Entrada a Ventarrones a la izquierza,uuid:1fcb48cf-743d-41f5-af1f-6826ce52b270,aeps-03640385-Ventarrones,-80.8321837708354
Ventarrones,-4.859223501406784,Entrada a Ventarrones la izquierda Carretera Sullana Tumbes,uuid:245e0e01-86df-4161-8dac-742ce772ca39,aeps-03616354-Ventarrones,-80.83950217813253
Ventarrones,-4.853509525292891,Entrada a Ventarrones a la izquierda a Santa Sofia. Carretera Sullana Tumbes.,uuid:2514e32b-57e9-4dc2-8e7e-a40a09e8df3f,aeps-03640721-Ventarrones,-80.83490319550037
Ventarrones,-4.85867161574226,Entrada a Ventarrones la izquierda Carretera Sullana Tumbes,uuid:261e9aa1-83e5-446f-978e-1ed00c5ca022,aeps-03880312-Ventarrones,-80.83892550319433
Ventarrones,-4.848041666666667,Carretera Pamamericana Norte,uuid:442e3135-2506-48cb-8ef0-c75a532c428c,aeps-03616615-Ventarrones,-80.82286166666667
Ventarrones,-4.844790807850954,,uuid:5dc3b1f1-af4e-49de-b1ba-90a4b67015c8,aeps-03656298-Ventarrones,-80.82544103264809
Ventarrones,-4.845011666666666,,uuid:6f8481c8-5418-4610-995d-bd04616ea30e,aeps-03645394-Ventarrones,-80.82548166666668
Ventarrones,-4.851961666666667,Entrada a Ventarrones. Carretera Sullana Tumbes,uuid:76892291-5dbc-40e0-9c2c-d2b64a835721,aeps-03669957-Ventarrones,-80.82738166666667
Ventarrones,-4.86275195100715,Carretera a Santa Sofia. Entrada a Ventarrones a la izquierda.,uuid:77cf5bd7-e792-4e59-9993-271468a34021,aeps-03644831-Ventarrones,-80.8340210840106
Ventarrones,-4.844778333333333,Panamericana Norte 1N,uuid:7b743e81-e0ba-4b8d-9173-b617c1736aa8,aeps-03616351-Ventarrones,-80.82570166666666
Ventarrones,-4.85703867294575,Entrada a Ventarrones la izquierda Carretera Sullana Tumbes,uuid:84615f6d-1ac8-4e16-af34-05834119cf6e,aeps-03616350-Ventarrones,-80.83631806075573
Ventarrones,-4.856310061146156,Entrada a Ventarrones a la izquierda Carretera Sullana Tumbes,uuid:8d7e2fc2-eafd-4342-8aca-0871b84a6a58,aeps-03617495-Ventarrones,-80.83816979080439
Ventarrones,-4.855877103005149,Entrada a Ventarrones la izquierda Carretera Sullana Tumbes,uuid:b21c14dd-95ed-4fd9-ad7a-6b5f059e4985,aeps-03656280-Ventarrones,-80.83588723093271
Ventarrones,-4.845700000000001,,uuid:c6b352f2-ac9a-4a9d-b5fb-767923dfb23e,aeps-03686640-Ventarrones,-80.82478166666667
Ventarrones,-4.85239037673496,Entrada a Ventarrones a la izquierda. Carretera Sullana Tumbes,uuid:cb09a154-9abb-48c5-a7c5-92807184fc4a,aeps-03656320-Ventarrones,-80.83327978849411
Ventarrones,-4.851100179885597,Entrada a Ventarrones a la izquierda. Carretera Sullana Tumbes,uuid:cefed1c5-2140-4dbb-b92c-6e7c07a9c023,aeps-03614413-Ventarrones,-80.83393726497889
Ventarrones,-4.842387110697732,,uuid:f6fc294a-3f45-435e-ae72-da3308d656bd,aeps-03616362-Ventarrones,-80.82327481359243
Yanela,-7.025355898510056,A 2 km de la carretera Fernando belaúnde Terry km 709.5,uuid:d06a66d0-3365-401a-bab0-565f2cac32d0,aeps-01166490-Yanela,-76.51827033609152
Yanuyacu,-5.664917002621381,Detras de Holand,uuid:12fdc871-2572-40f4-93ff-1683a3490284,aeps-44032110-Yanuyacu,-78.77246785908937
Yaye,-5.675047334148799,Pueblo viejo,uuid:da1bfb78-a05b-4d87-b657-eee188094e55,aeps-27682066-Yaye,-78.6787080293518
Ñunña honda,-5.817470566172438,Santa Elena,uuid:d88b0d96-b486-4e11-af21-cbc4f4613d41,aeps-33667783-Ñunña honda,-78.3087151989128
