farm,name,latitude,altitude,ext_id,longitude
uuid:002c9344-a524-43aa-8571-a1a6f527345f,Sialupe,-6.661917495909099,0.0,uuid:002c9344-a524-43aa-8571-a1a6f527345f/plot[1],-79.8576919734478
uuid:007dea57-7aeb-4e14-9a05-ccaa87e27f9e,Corpa,-6.710676730729159,0.0,uuid:007dea57-7aeb-4e14-9a05-ccaa87e27f9e/plot[1],-79.82013735920191
uuid:01243713-5a94-4923-945f-0760f05d2d0d,Santa Monica,-4.7257283333333335,70.7,uuid:01243713-5a94-4923-945f-0760f05d2d0d/plot[1],-80.52380666666666
uuid:017ee5fc-5e6b-46df-99d8-15e34d868fb2,Parcela Pedro hernandez,-7.04195146,261.63134765625,uuid:017ee5fc-5e6b-46df-99d8-15e34d868fb2/plot[1],-76.56398354
uuid:0260c5d4-5ee2-4baf-9252-782b621ddd35,Parcela Darwin Vasquez,-6.78137438,272.159973144531,uuid:0260c5d4-5ee2-4baf-9252-782b621ddd35/plot[1],-76.60660532
uuid:028f98fb-398b-4ff8-a4b5-f5b5f7e5dfab,1,-5.409061989586347,599.817880324786,uuid:028f98fb-398b-4ff8-a4b5-f5b5f7e5dfab/plot[1],-78.81145467465208
uuid:028fbcaa-7f3a-4735-baf8-de0dded6c4a2,Carpa - huamantanga,-6.665729140281583,0.0,uuid:028fbcaa-7f3a-4735-baf8-de0dded6c4a2/plot[1],-79.83995620161295
uuid:02a9b9aa-9bc3-45dd-98c2-4b084d03656b,La congona,-6.9390075746923685,237.0,uuid:02a9b9aa-9bc3-45dd-98c2-4b084d03656b/plot[1],-76.38250730931759
uuid:02fc48ca-a9f1-41fa-9e99-1bf561504027,Rio Chico,-4.721457346482576,0.0,uuid:02fc48ca-a9f1-41fa-9e99-1bf561504027/plot[1],-80.51225524395704
uuid:031ea401-71d5-40ef-bff5-aadcf0da4896,1,-5.4143575229935506,0.0,uuid:031ea401-71d5-40ef-bff5-aadcf0da4896/plot[1],-78.83546087890863
uuid:04790ed8-1eee-49cc-b7ed-b17c77235d55,La 90 - 1,-4.843406666666667,44.5,uuid:04790ed8-1eee-49cc-b7ed-b17c77235d55/plot[1],-80.79849333333333
uuid:05a80511-2b88-4ea3-a0e6-3129f5ddab2b,Parcela Pedro Rodríguez,-7.14621568,277.478759765625,uuid:05a80511-2b88-4ea3-a0e6-3129f5ddab2b/plot[1],-76.65743427
uuid:0600346b-7d5d-44ef-b4b4-fe44c5b9d113,El Mango,-4.8724325426933515,0.0,uuid:0600346b-7d5d-44ef-b4b4-fe44c5b9d113/plot[1],-80.74586324393749
uuid:06472ca3-a0f1-4aa8-ab03-3a3feb0af980,1,-5.675063175873375,471.423685863364,uuid:06472ca3-a0f1-4aa8-ab03-3a3feb0af980/plot[1],-78.48586576309917
uuid:069ea326-1201-4735-af58-f534a51ed48e,La Carmela Canyer,-4.848323007768799,0.0,uuid:069ea326-1201-4735-af58-f534a51ed48e/plot[1],-80.84751058369875
uuid:06a59525-769b-425b-9e48-6d7a24c36050,El cerezo,-5.5775271131311746,0.0,uuid:06a59525-769b-425b-9e48-6d7a24c36050/plot[1],-78.82810994982721
uuid:070d36b1-e11c-4d00-ba15-41b3bd51dc77,Parcela Reinaldo cruzado,-6.78316388,292.041625976562,uuid:070d36b1-e11c-4d00-ba15-41b3bd51dc77/plot[1],-76.60883566
uuid:07416bdc-ea1b-4b9f-a9cd-cb8fa42bde31,Parcela carmelino garcia,-6.96029134,271.891052246093,uuid:07416bdc-ea1b-4b9f-a9cd-cb8fa42bde31/plot[1],-76.51829107
uuid:08c73c20-b4c1-4c43-957b-7dff92092989,Garcia I,-4.867181695870747,0.0,uuid:08c73c20-b4c1-4c43-957b-7dff92092989/plot[1],-80.83312254399061
uuid:094f81c0-1554-41b4-8421-d52212b2ea92,San Francisco,-4.851482695780405,0.0,uuid:094f81c0-1554-41b4-8421-d52212b2ea92/plot[1],-80.83086546510458
uuid:09590471-d670-49f3-a539-e2e986382ea8,1,-5.3803243334897,0.0,uuid:09590471-d670-49f3-a539-e2e986382ea8/plot[1],-78.7646234035492
uuid:09b0fd6f-8bdd-4dc3-89c8-c4b86c0628fb,El Mango,-4.872812373959304,0.0,uuid:09b0fd6f-8bdd-4dc3-89c8-c4b86c0628fb/plot[1],-80.74569661170244
uuid:0a59a821-87be-4512-abe9-f51edd34ee40,Santa Angela,-4.731901666666667,75.5,uuid:0a59a821-87be-4512-abe9-f51edd34ee40/plot[1],-80.53421666666667
uuid:0a5ae3c9-b0fa-42ae-bf23-c789d0778d87,Rosario,-6.791225680583316,0.0,uuid:0a5ae3c9-b0fa-42ae-bf23-c789d0778d87/plot[1],-79.89015340805054
uuid:0a6856b1-a337-4540-b57a-6a047a557022,1,-5.702104173825368,0.0,uuid:0a6856b1-a337-4540-b57a-6a047a557022/plot[1],-78.54732893407345
uuid:0a877e75-7c89-4003-9c66-0f09636b9bde,1,-5.364023376171799,0.0,uuid:0a877e75-7c89-4003-9c66-0f09636b9bde/plot[1],-78.78932554274797
uuid:0ad10ced-d532-4a24-b433-d4f4428def70,1,-5.769546155730593,660.647440777064,uuid:0ad10ced-d532-4a24-b433-d4f4428def70/plot[1],-78.56122022994792
uuid:0b9105e6-1a5a-45d8-a774-d0a4dc73c3c7,Parcela José serafín,-6.88940149,269.734741210937,uuid:0b9105e6-1a5a-45d8-a774-d0a4dc73c3c7/plot[1],-76.57033048
uuid:0ba7359e-abc2-4f22-b9e2-507eee7c5067,1,-5.578795129181399,0.0,uuid:0ba7359e-abc2-4f22-b9e2-507eee7c5067/plot[1],-78.7964028865099
uuid:0bb23256-5e58-471d-8d51-3c5bd1181315,Cartagena,-6.705681685432,0.0,uuid:0bb23256-5e58-471d-8d51-3c5bd1181315/plot[1],-79.81128606945276
uuid:0c17b378-290f-43cc-aca2-99c605ab42f2,Parcela itaniel,-7.00475986,254.128295898437,uuid:0c17b378-290f-43cc-aca2-99c605ab42f2/plot[1],-76.51513223
uuid:0c258b5a-2b30-43db-ba96-36e88625f78e,Chanduvi,-6.752770127062586,0.0,uuid:0c258b5a-2b30-43db-ba96-36e88625f78e/plot[1],-79.87383719533682
uuid:0c301354-bd3a-412a-b638-cdac82f55cd8,Sialupe,-6.668956660119073,0.0,uuid:0c301354-bd3a-412a-b638-cdac82f55cd8/plot[1],-79.85111955553295
uuid:0c6f0f6d-b2fc-4979-8b71-b8b699125ef4,1,-5.707335576299921,711.983020194262,uuid:0c6f0f6d-b2fc-4979-8b71-b8b699125ef4/plot[1],-78.78232266831499
uuid:0d3546fc-7fa1-4457-8720-862fc459c926,Sector 41 - La segunda Mallares,-4.8653683333333335,41.1,uuid:0d3546fc-7fa1-4457-8720-862fc459c926/plot[1],-80.75044
uuid:0d43420a-9e9b-44f6-a89b-1dda3cb1780b,Algarrobo,-6.75554692409825,0.0,uuid:0d43420a-9e9b-44f6-a89b-1dda3cb1780b/plot[1],-79.88572776317596
uuid:0df90422-a53b-4e15-b342-7cb638fe349f,Sector H,-4.849516666666666,49.3,uuid:0df90422-a53b-4e15-b342-7cb638fe349f/plot[1],-80.73028166666667
uuid:0e2032c9-ad74-44b0-8f11-3debd2671c6f,Sialupe,-6.678198198563648,0.0,uuid:0e2032c9-ad74-44b0-8f11-3debd2671c6f/plot[1],-79.86152116209269
uuid:0e54cd6e-d535-4c01-b050-87589cdb4eda,Damian,-6.7138180455539365,0.0,uuid:0e54cd6e-d535-4c01-b050-87589cdb4eda/plot[1],-79.9311774596572
uuid:0f9b9cf4-297a-4ced-a321-c8da87cb651b,1,-5.3790572027124215,809.021719848401,uuid:0f9b9cf4-297a-4ced-a321-c8da87cb651b/plot[1],-78.82069831297206
uuid:0fd9cde8-fc60-4249-80a2-9ab02d2f9aa4,1,-5.6819153805437725,468.358877087803,uuid:0fd9cde8-fc60-4249-80a2-9ab02d2f9aa4/plot[1],-78.68415339153727
uuid:0fec4d1c-3914-45e5-b8ed-e5d241a30bac,San jose,-6.712453171060173,0.0,uuid:0fec4d1c-3914-45e5-b8ed-e5d241a30bac/plot[1],-79.92507610470057
uuid:10acc471-70a5-4264-baf1-bb44b7d915da,1,-5.753770035537015,624.094395234995,uuid:10acc471-70a5-4264-baf1-bb44b7d915da/plot[1],-78.55120691751019
uuid:10d2ff0d-63ab-4719-b72d-4daa33f21e16,Sialupe,-6.680595468827008,0.0,uuid:10d2ff0d-63ab-4719-b72d-4daa33f21e16/plot[1],-79.86608996987343
uuid:114d81e9-7ae1-43b7-a131-05b4f7a2f3e7,Parcela Brayan Mendoza,-7.23694469,284.2861328125,uuid:114d81e9-7ae1-43b7-a131-05b4f7a2f3e7/plot[1],-76.47741876
uuid:11c67174-7e5a-4a9c-9b8e-af1e5119f582,Horcon,-6.71619949098211,0.0,uuid:11c67174-7e5a-4a9c-9b8e-af1e5119f582/plot[1],-79.82826579362154
uuid:12275bc9-9eff-4bcd-9d6f-b6855fde507d,Parcela Pedro rojas,-7.17690624,260.430358886718,uuid:12275bc9-9eff-4bcd-9d6f-b6855fde507d/plot[1],-76.4969775
uuid:12fdc871-2572-40f4-93ff-1683a3490284,1,-5.660970376903195,0.0,uuid:12fdc871-2572-40f4-93ff-1683a3490284/plot[1],-78.77255704253913
uuid:132bd92d-6f5b-4b85-a9a8-d6037b6e6751,1,-5.3267021798922745,0.0,uuid:132bd92d-6f5b-4b85-a9a8-d6037b6e6751/plot[1],-78.80298804491758
uuid:139dac02-13f3-4a33-98fc-39d2dd5ef207,Carpa,-6.668049546703267,0.0,uuid:139dac02-13f3-4a33-98fc-39d2dd5ef207/plot[1],-79.86522261053324
uuid:1435246d-848a-401a-8a3e-cbec4b97eaab,Parcela Alexandro pinedo,-7.23674878,288.016784667968,uuid:1435246d-848a-401a-8a3e-cbec4b97eaab/plot[1],-76.47570974
uuid:152acc87-fbb6-4fa7-a833-cec52eadbf99,Soltin,-6.6445356094184485,0.0,uuid:152acc87-fbb6-4fa7-a833-cec52eadbf99/plot[1],-79.80377823114395
uuid:16008421-111b-4999-b037-6809621cb3d6,Parcela Luis ayala,-7.05074337,242.819458007812,uuid:16008421-111b-4999-b037-6809621cb3d6/plot[1],-76.51382659
uuid:1600d1f6-8a00-4045-b7de-85c20e6f2bd7,1,-5.6703109143675725,0.0,uuid:1600d1f6-8a00-4045-b7de-85c20e6f2bd7/plot[1],-78.67443412542343
uuid:16065626-5241-4479-8ace-816ae44b1f1e,Parcela lusmila,-6.93832159,263.936889648437,uuid:16065626-5241-4479-8ace-816ae44b1f1e/plot[1],-76.53780711
uuid:16503618-e7eb-4d1f-8283-27dda5cebdd6,Horcon 1,-6.702346521020127,0.0,uuid:16503618-e7eb-4d1f-8283-27dda5cebdd6/plot[1],-79.80522461235523
uuid:1653e737-fe8f-45db-babb-f4905691701b,Fundo chedi nuñez,-7.14514341,273.558044433593,uuid:1653e737-fe8f-45db-babb-f4905691701b/plot[1],-76.65686201
uuid:165c7ef5-34c7-4e3f-a4ee-95c460fc5c7e,Parcela Enrique Balladares,-6.7825043,295.342346191406,uuid:165c7ef5-34c7-4e3f-a4ee-95c460fc5c7e/plot[1],-76.60857311
uuid:165eb3f5-02f3-434c-a39c-ff47846e8d32,1,-5.70582262491891,732.206055874643,uuid:165eb3f5-02f3-434c-a39c-ff47846e8d32/plot[1],-78.78683544746526
uuid:17bc7f39-41b0-435c-99ea-99035e8e640d,Parcela hubaldo Vázquez,-6.96190437,236.317993164062,uuid:17bc7f39-41b0-435c-99ea-99035e8e640d/plot[1],-76.42403065
uuid:17bfab15-027c-4a96-b7ef-a05d4125e085,Parcela juan ganosa,-6.88463303,272.143432617187,uuid:17bfab15-027c-4a96-b7ef-a05d4125e085/plot[1],-76.56905031
uuid:17edf3b5-a145-4642-aae5-6e13925c90da,Parcela Cayo Valderrama,-7.0040045,261.900390625,uuid:17edf3b5-a145-4642-aae5-6e13925c90da/plot[1],-76.53427666
uuid:190aea29-a308-462b-b6a5-b82b74da53df,1,-5.5809243861890865,780.315621533699,uuid:190aea29-a308-462b-b6a5-b82b74da53df/plot[1],-78.79771085480087
uuid:193e4924-07a6-4f4a-af39-7f7f77975862,Rio chico,-4.723799986927347,0.0,uuid:193e4924-07a6-4f4a-af39-7f7f77975862/plot[1],-80.50554469227791
uuid:19ac0c66-65ff-452e-97a3-cbe8163102a5,Parcela José luis,-7.03428268,249.264770507812,uuid:19ac0c66-65ff-452e-97a3-cbe8163102a5/plot[1],-76.48513906
uuid:1a559354-9a27-4533-b4c9-b5c418b44f56,Parcela Augusto sinarahua,-7.22537175,281.629516601562,uuid:1a559354-9a27-4533-b4c9-b5c418b44f56/plot[1],-76.48189788
uuid:1a8220c8-259d-4ee1-88bf-1c77d98ff983,1,-5.769301699881978,658.848944264164,uuid:1a8220c8-259d-4ee1-88bf-1c77d98ff983/plot[1],-78.56127529555137
uuid:1ac9ec11-9710-4dae-aabe-7ab254f52768,Parcela Rodolfo manay,-6.795933,311.334838867187,uuid:1ac9ec11-9710-4dae-aabe-7ab254f52768/plot[1],-76.5948437
uuid:1ad9f30f-2b44-449c-93e8-58acf450945d,Parcela Rogelio Jimenez,-6.94468655,268.1865234375,uuid:1ad9f30f-2b44-449c-93e8-58acf450945d/plot[1],-76.53090315
uuid:1b718074-4c02-4932-9358-b3b1d66ea814,1,-5.5555980110217,0.0,uuid:1b718074-4c02-4932-9358-b3b1d66ea814/plot[1],-78.82136519998312
uuid:1c8af14e-c777-433c-9a72-b47712d41e2e,Parcela Miguel ventanilla,-7.18177734,265.089111328125,uuid:1c8af14e-c777-433c-9a72-b47712d41e2e/plot[1],-76.49363394
uuid:1ce3881b-e3da-43d2-bee0-7aec2cb4c5e4,1,-5.808648536328417,0.0,uuid:1ce3881b-e3da-43d2-bee0-7aec2cb4c5e4/plot[1],-78.23574140667915
uuid:1d21ca58-c237-4a7b-8498-f72d5916caaa,Parcela Ezequiel ambulay,-6.7973685,283.034118652343,uuid:1d21ca58-c237-4a7b-8498-f72d5916caaa/plot[1],-76.58931825
uuid:1d7366d4-b790-4e21-83b5-d693dfd55b4d,Cuarto Cuerpo,-4.853408333333333,48.6,uuid:1d7366d4-b790-4e21-83b5-d693dfd55b4d/plot[1],-80.74231
uuid:1d83f266-ebd4-481d-b0de-e37bcb2e242c,1,-5.6632293192402425,509.108368168357,uuid:1d83f266-ebd4-481d-b0de-e37bcb2e242c/plot[1],-78.49234206706775
uuid:1df4a372-d9e0-490f-99c2-07eac4d21617,Parcela Rubén ríos,-7.26240698,278.978393554687,uuid:1df4a372-d9e0-490f-99c2-07eac4d21617/plot[1],-76.4678499
uuid:1e7e562e-38c5-450b-91fe-25c424869f55,Quenosa,-6.547225042072943,0.0,uuid:1e7e562e-38c5-450b-91fe-25c424869f55/plot[1],-79.96546916663647
uuid:1fcb48cf-743d-41f5-af1f-6826ce52b270,La Carmela,-4.864839213002844,0.0,uuid:1fcb48cf-743d-41f5-af1f-6826ce52b270/plot[1],-80.83210699260235
uuid:2009c4a6-21aa-43c5-88ec-a8cc9455c5f1,Parcela erminio bocanegra,-7.21686806,273.23486328125,uuid:2009c4a6-21aa-43c5-88ec-a8cc9455c5f1/plot[1],-76.48857111
uuid:202503dd-c844-4fb1-b145-2a2584ea86bf,Parcela mauro Santiago,-7.2355465,276.116577148437,uuid:202503dd-c844-4fb1-b145-2a2584ea86bf/plot[1],-76.48809202
uuid:2026c89b-1b2f-4fd8-ae51-6045b0ee80ed,Santa Angela,-4.730671666666667,73.2,uuid:2026c89b-1b2f-4fd8-ae51-6045b0ee80ed/plot[1],-80.53154666666666
uuid:20bd30ca-7fc0-42f8-9c46-39811a77be0c,1,-5.769332628756434,633.455285174083,uuid:20bd30ca-7fc0-42f8-9c46-39811a77be0c/plot[1],-78.56102037151574
uuid:2161880c-6992-44ff-8f3b-9c565aab8c6f,Pitipo,-6.58192043793361,0.0,uuid:2161880c-6992-44ff-8f3b-9c565aab8c6f/plot[1],-79.772405102849
uuid:21fa48a6-dedd-447f-8d4b-c5cc2c0a27fc,Parcela Daniel Vasquez,-7.17759286,266.274047851562,uuid:21fa48a6-dedd-447f-8d4b-c5cc2c0a27fc/plot[1],-76.49467335
uuid:2209a688-dafa-493c-a3b2-91b68d3246bf,Parcela Nemesio Vasquez,-6.86468309,276.350708007812,uuid:2209a688-dafa-493c-a3b2-91b68d3246bf/plot[1],-76.55660074
uuid:2247a8c7-1995-45fb-a9e2-9f52bc644716,Pantaleon,-6.6684531524392225,0.0,uuid:2247a8c7-1995-45fb-a9e2-9f52bc644716/plot[1],-79.86288774758577
uuid:2258bdd9-c2be-45f2-baa0-9de6a1235789,Punto 2,-6.520817339950458,0.0,uuid:2258bdd9-c2be-45f2-baa0-9de6a1235789/plot[1],-79.85722225159407
uuid:2259ddd8-39c0-460a-a837-790943710808,Arenal,-6.505538483393758,0.0,uuid:2259ddd8-39c0-460a-a837-790943710808/plot[1],-79.84599485993385
uuid:22704751-d5af-42d0-8459-7383ccfe7673,Parcela Cieza max,-7.23023213,281.786193847656,uuid:22704751-d5af-42d0-8459-7383ccfe7673/plot[1],-76.47929107
uuid:2285f1b3-e4cf-4344-bb8c-a420a381f280,Sialupe,-6.673354338135478,0.0,uuid:2285f1b3-e4cf-4344-bb8c-a420a381f280/plot[1],-79.8620767146349
uuid:2288f9ce-3712-4264-af7d-bbaea98dc571,Rio chico,-4.72422,91.5,uuid:2288f9ce-3712-4264-af7d-bbaea98dc571/plot[1],-80.50481666666666
uuid:22959edc-4f62-4136-b7b9-c3f2155ef3c8,Parcela Juan Meza,-6.85767631,272.486572265625,uuid:22959edc-4f62-4136-b7b9-c3f2155ef3c8/plot[1],-76.55736442
uuid:22c57c74-60e5-40d3-be4f-d7c0d3de9ae5,Batangrande,-6.477937296365563,0.0,uuid:22c57c74-60e5-40d3-be4f-d7c0d3de9ae5/plot[1],-79.65401977300644
uuid:22feecb0-edb2-4fc3-afd5-1d19e8fdf589,1,-5.75770143921897,0.0,uuid:22feecb0-edb2-4fc3-afd5-1d19e8fdf589/plot[1],-78.31267789006233
uuid:23164971-d77f-4a6c-bb2f-4519587b0adb,1,-5.7134168670219,581.210904474079,uuid:23164971-d77f-4a6c-bb2f-4519587b0adb/plot[1],-78.49620865587568
uuid:23557c83-bff9-4ae1-bad3-4475d6907a8d,Parcela Fredy romero,-7.17941136,261.388854980468,uuid:23557c83-bff9-4ae1-bad3-4475d6907a8d/plot[1],-76.50172825
uuid:2441b107-e15e-4275-a545-265d4be897b2,Santa Teresa Alta,-4.850430358953863,0.0,uuid:2441b107-e15e-4275-a545-265d4be897b2/plot[1],-80.90216360986233
uuid:245e0e01-86df-4161-8dac-742ce772ca39,San Martin Alto,-4.859109583155901,0.0,uuid:245e0e01-86df-4161-8dac-742ce772ca39/plot[1],-80.83936303853989
uuid:24735495-381e-4c87-8680-56e3156f4d04,1,-5.702801387090177,447.1175110631,uuid:24735495-381e-4c87-8680-56e3156f4d04/plot[1],-78.47165322658348
uuid:2514e32b-57e9-4dc2-8e7e-a40a09e8df3f,San Francisco,-4.853466763829856,0.0,uuid:2514e32b-57e9-4dc2-8e7e-a40a09e8df3f/plot[1],-80.83502992987633
uuid:2576888b-a18f-4001-9f23-efd042abd2d7,1,-5.575529982295182,0.0,uuid:2576888b-a18f-4001-9f23-efd042abd2d7/plot[1],-78.80530882626772
uuid:25941f4b-4bae-4666-af65-72f11c193952,1,-5.375352711246682,0.0,uuid:25941f4b-4bae-4666-af65-72f11c193952/plot[1],-78.80798298865557
uuid:25dc2eed-3a71-44cb-ba68-83fcc7d3254a,1,-5.634740018763978,441.899801158259,uuid:25dc2eed-3a71-44cb-ba68-83fcc7d3254a/plot[1],-78.53441303213442
uuid:261e9aa1-83e5-446f-978e-1ed00c5ca022,San Martín Alto,-4.858747784008559,0.0,uuid:261e9aa1-83e5-446f-978e-1ed00c5ca022/plot[1],-80.83903949707747
uuid:263d4576-fb15-496b-a07e-97fdbe023398,Papelillo,-6.660294391104372,0.0,uuid:263d4576-fb15-496b-a07e-97fdbe023398/plot[1],-79.82619982212782
uuid:26b0d067-dd72-448d-81ab-5568f331c4a8,Horcon II,-6.700157806975576,0.0,uuid:26b0d067-dd72-448d-81ab-5568f331c4a8/plot[1],-79.83216840773821
uuid:279e4a36-31a9-4d90-8dc3-9bb683e49649,1,-5.675742560328868,661.210852841699,uuid:279e4a36-31a9-4d90-8dc3-9bb683e49649/plot[1],-78.77256618998065
uuid:281847ba-dcee-40c3-b08a-98d8733ce02b,1,-5.6402667557145,423.474350454056,uuid:281847ba-dcee-40c3-b08a-98d8733ce02b/plot[1],-78.64944420779014
uuid:285c9fcf-3bcf-45b5-a8fe-e5948d9b816f,Parcela Erick ríos,-7.23597229,274.412231445312,uuid:285c9fcf-3bcf-45b5-a8fe-e5948d9b816f/plot[1],-76.48911932
uuid:28f31192-fd06-4e35-809b-a6c84f3b17e5,Parcela César Zapata,-7.25084766,284.1298828125,uuid:28f31192-fd06-4e35-809b-a6c84f3b17e5/plot[1],-76.46900577
uuid:29d93083-5337-4a09-8b28-49c0b874cbda,Parcela Adán Miranda,-6.79616108,288.208801269531,uuid:29d93083-5337-4a09-8b28-49c0b874cbda/plot[1],-76.59155816
uuid:2a38542a-9d4d-4e36-ac77-5f0a210c6c42,Capote,-6.7093488082132,0.0,uuid:2a38542a-9d4d-4e36-ac77-5f0a210c6c42/plot[1],-79.80418894439936
uuid:2ae5cfa3-1ba9-4814-9b72-b85865d62683,1,-5.702765688010492,446.477843025209,uuid:2ae5cfa3-1ba9-4814-9b72-b85865d62683/plot[1],-78.4716275693425
uuid:2b7b4988-c71c-4c99-b22c-e36cf00f1418,1,-5.570613040579377,0.0,uuid:2b7b4988-c71c-4c99-b22c-e36cf00f1418/plot[1],-78.81547406315804
uuid:2baaf325-6723-41d7-92ea-a8456b5edcf7,1,-5.747391557852857,591.491233687709,uuid:2baaf325-6723-41d7-92ea-a8456b5edcf7/plot[1],-78.54596336691846
uuid:2c0e9e03-abcd-41a5-8149-5d99dcbae0d4,1,-5.747822576889517,0.0,uuid:2c0e9e03-abcd-41a5-8149-5d99dcbae0d4/plot[1],-78.44412121921778
uuid:2c495995-e8a1-4e71-8c81-db99a64ce82d,San Jacinto,-4.859951666666667,29.6,uuid:2c495995-e8a1-4e71-8c81-db99a64ce82d/plot[1],-80.86057166666666
uuid:2c611842-a805-4b22-b921-1d51c96002b3,1,-5.634647472942963,462.823433401977,uuid:2c611842-a805-4b22-b921-1d51c96002b3/plot[1],-78.53429891542412
uuid:2d0f82ed-ec9b-46a3-801f-351435347127,1,-5.3905872301544795,0.0,uuid:2d0f82ed-ec9b-46a3-801f-351435347127/plot[1],-78.76263353973627
uuid:2d5926ff-bf35-4bb7-a2ba-f739bde25f67,1,-5.543574810172923,640.851210704074,uuid:2d5926ff-bf35-4bb7-a2ba-f739bde25f67/plot[1],-78.81297651268098
uuid:2dc3b331-1b03-4270-a927-8220b5fe87ee,Parcela Tadeo padilla,-6.96009067,257.544372558593,uuid:2dc3b331-1b03-4270-a927-8220b5fe87ee/plot[1],-76.2595933
uuid:2dc59721-550b-4c94-8f6b-bcf82147576b,Carpa - huamantanga,-6.670995328121563,0.0,uuid:2dc59721-550b-4c94-8f6b-bcf82147576b/plot[1],-79.85077489167452
uuid:2ee6a31f-86b0-434a-ae41-43394df67a9e,1,-5.687860037908833,464.145396742294,uuid:2ee6a31f-86b0-434a-ae41-43394df67a9e/plot[1],-78.48060909970053
uuid:2efb5e6f-d69d-41fe-ace3-5c9925d31817,Parcela Wilson nuñes,-7.18119942,260.878845214843,uuid:2efb5e6f-d69d-41fe-ace3-5c9925d31817/plot[1],-76.49556339
uuid:2f6471c3-f8e7-451e-bc95-5d0996f07802,Fundo Salatiel Bravo,-7.00757458,249.892700195312,uuid:2f6471c3-f8e7-451e-bc95-5d0996f07802/plot[1],-76.51380114
uuid:302636f6-c44c-4ebd-9d45-3eff2d7e15cd,Limonal,-4.730332674150142,0.0,uuid:302636f6-c44c-4ebd-9d45-3eff2d7e15cd/plot[1],-80.54100282490253
uuid:30306d96-2ff7-4695-9179-94510dcb6d5c,Parcela mayker aguirre,-7.18413776,256.096435546875,uuid:30306d96-2ff7-4695-9179-94510dcb6d5c/plot[1],-76.49949085
uuid:3068f70e-8c99-4cab-b4ba-2c7160fc1996,Fala,-6.685096271215912,0.0,uuid:3068f70e-8c99-4cab-b4ba-2c7160fc1996/plot[1],-79.78749990463257
uuid:3103b814-69eb-4435-9dfe-e1886deab953,Parcela Rafael cohe,-6.78039275,281.925415039062,uuid:3103b814-69eb-4435-9dfe-e1886deab953/plot[1],-76.60673332
uuid:314d279b-b091-4972-9a19-e2f439130b7d,Parcela geramin López,-7.21141388,267.362121582031,uuid:314d279b-b091-4972-9a19-e2f439130b7d/plot[1],-76.49440061
uuid:319d0550-7951-46d6-8b80-077a5f830c61,1,-5.758655824167006,0.0,uuid:319d0550-7951-46d6-8b80-077a5f830c61/plot[1],-78.34530360996723
uuid:34ceffc5-3da4-4fb2-8a2c-0d94884bcd22,Parcela Andrés campos,-6.88057512,267.597412109375,uuid:34ceffc5-3da4-4fb2-8a2c-0d94884bcd22/plot[1],-76.55954572
uuid:3553895c-5d0f-4254-ae0a-0a133444c4cc,La segunda Sector 25,-4.866231666666667,47.5,uuid:3553895c-5d0f-4254-ae0a-0a133444c4cc/plot[1],-80.75006
uuid:35604d85-10a9-4e9f-8d93-3919b16b9519,Parcela Arnaldo Suárez,-6.85256394,284.814819335937,uuid:35604d85-10a9-4e9f-8d93-3919b16b9519/plot[1],-76.5578933
uuid:364474a3-87b2-40e5-a333-db9ff67782cf,Los barrantes,-6.47235824508351,0.0,uuid:364474a3-87b2-40e5-a333-db9ff67782cf/plot[1],-79.87177658826113
uuid:37037490-fb43-42ae-975e-b13c797bc470,1,-5.650530322660429,0.0,uuid:37037490-fb43-42ae-975e-b13c797bc470/plot[1],-78.72830763459206
uuid:37e89601-4548-4577-919b-bc6fdb2ff06a,1,-5.569088234456578,745.677919078164,uuid:37e89601-4548-4577-919b-bc6fdb2ff06a/plot[1],-78.81199480687057
uuid:3880d2dc-983f-469a-bc17-5cf5bf5f6083,Parcela Jairo Bartra,-6.87341914,271.135986328125,uuid:3880d2dc-983f-469a-bc17-5cf5bf5f6083/plot[1],-76.5559827
uuid:38ebc7c2-a914-40b2-a5ec-2b9eb273303e,1,-5.447395855609395,0.0,uuid:38ebc7c2-a914-40b2-a5ec-2b9eb273303e/plot[1],-78.84317826479673
uuid:38ef3bc1-2ed3-47c0-9e33-3ca28021d688,Parcela deiver mozombite,-6.95516448,256.849243164062,uuid:38ef3bc1-2ed3-47c0-9e33-3ca28021d688/plot[1],-76.25821514
uuid:393cf372-9fff-472c-b643-71c54d6b11f7,San Miguel del Chira,-4.867853333333333,28.2,uuid:393cf372-9fff-472c-b643-71c54d6b11f7/plot[1],-80.86419833333333
uuid:394cb35d-1706-49e7-93f5-bc49ffd75572,Carmela Canyer,-4.848373453316274,0.0,uuid:394cb35d-1706-49e7-93f5-bc49ffd75572/plot[1],-80.84907967597246
uuid:39807cc3-6af8-4187-a2db-fa2fac461019,Jarrin,-6.708631235737965,0.0,uuid:39807cc3-6af8-4187-a2db-fa2fac461019/plot[1],-79.81439005583525
uuid:3a6a8915-e76c-401e-aaf1-a71e0e8c000b,Garcia I,-4.867919983846761,0.0,uuid:3a6a8915-e76c-401e-aaf1-a71e0e8c000b/plot[1],-80.83348229527473
uuid:3a8bf70e-55ea-4aa8-ad40-6d1325974322,Sector 25 - la segunda Mallares,-4.8664716666666665,46.5,uuid:3a8bf70e-55ea-4aa8-ad40-6d1325974322/plot[1],-80.749905
uuid:3aa2560d-3c88-43c8-a0bb-131fa0fae381,1,-5.598944637609462,411.131830285888,uuid:3aa2560d-3c88-43c8-a0bb-131fa0fae381/plot[1],-78.59073665689799
uuid:3cc9e30e-c29e-4118-979b-47cbe9a260fc,1,-5.652634964138309,0.0,uuid:3cc9e30e-c29e-4118-979b-47cbe9a260fc/plot[1],-78.7167489901185
uuid:3d5ed142-7215-44a5-8dd2-06b5eb3fea3e,Parcela marcial guerra,-6.95005213,256.064575195312,uuid:3d5ed142-7215-44a5-8dd2-06b5eb3fea3e/plot[1],-76.25680311
uuid:3e483e9f-9118-48fd-aaad-73db64ab0e68,Venturosa,-4.8592946585449255,0.0,uuid:3e483e9f-9118-48fd-aaad-73db64ab0e68/plot[1],-80.87435312569141
uuid:3e6216b0-80b9-40d5-ac7e-f58a2b60c061,Punto 6,-6.775996177761843,0.0,uuid:3e6216b0-80b9-40d5-ac7e-f58a2b60c061/plot[1],-79.89128932356836
uuid:3e6c9560-11cc-45e1-a7c8-0cc07be2184c,Llencala,-6.531435682817064,0.0,uuid:3e6c9560-11cc-45e1-a7c8-0cc07be2184c/plot[1],-79.98678635805845
uuid:3e8b3501-c95f-4e63-9ea7-f6e70fea52e3,El Horno,-4.847804999999999,53.6,uuid:3e8b3501-c95f-4e63-9ea7-f6e70fea52e3/plot[1],-80.79106166666666
uuid:3e922672-27e3-4997-bf24-4f2495f17e9c,Parcela Pedro perez,-7.02689367,259.332885742187,uuid:3e922672-27e3-4997-bf24-4f2495f17e9c/plot[1],-76.55629168
uuid:3fdf7a69-7245-4c46-90db-522573e91206,1,-5.795017327888954,0.0,uuid:3fdf7a69-7245-4c46-90db-522573e91206/plot[1],-78.24860394001007
uuid:4007b7d2-f695-4da6-a893-9e3b36aa2b6f,El Platano,-4.8522346980124,0.0,uuid:4007b7d2-f695-4da6-a893-9e3b36aa2b6f/plot[1],-80.8065328001976
uuid:408d04b9-f00b-4225-aea4-593d097beee8,1,-5.740323571927209,465.723000947278,uuid:408d04b9-f00b-4225-aea4-593d097beee8/plot[1],-78.42849878976718
uuid:40e25229-62a3-4095-b2e4-9b832915ec9a,El Huabo la 6°,-4.8599266666666665,46.7,uuid:40e25229-62a3-4095-b2e4-9b832915ec9a/plot[1],-80.73239333333332
uuid:411868b9-00e4-418a-a8de-d068a00cf767,Lote 5,-4.724086676656506,0.0,uuid:411868b9-00e4-418a-a8de-d068a00cf767/plot[1],-80.52631068974733
uuid:414bae6a-834f-4854-9d76-b7e517f08398,1,-5.757489425523277,600.706735123337,uuid:414bae6a-834f-4854-9d76-b7e517f08398/plot[1],-78.55275944522064
uuid:41588690-1761-48d0-a224-90c96712dc96,1,-5.653647244584373,0.0,uuid:41588690-1761-48d0-a224-90c96712dc96/plot[1],-78.69333900511265
uuid:417adc67-d64c-4577-85b8-d2e9b1c8e2d3,1,-5.794215109035187,0.0,uuid:417adc67-d64c-4577-85b8-d2e9b1c8e2d3/plot[1],-78.2802764698863
uuid:4187aac6-4944-4e6c-a9ee-99f6c4f52c6c,1,-5.613483455105835,414.163543951642,uuid:4187aac6-4944-4e6c-a9ee-99f6c4f52c6c/plot[1],-78.5961951941164
uuid:418864b2-064b-456d-bbf5-721fe2f3f564,El platano,-4.853000062373523,0.0,uuid:418864b2-064b-456d-bbf5-721fe2f3f564/plot[1],-80.80580290406942
uuid:41eae9f3-2090-4ba4-9c58-ba78fa50482e,Fundo Sabas Heredia,-6.81865371,218.747192382812,uuid:41eae9f3-2090-4ba4-9c58-ba78fa50482e/plot[1],-76.33135175
uuid:41fd09d1-1ae6-49c1-96c8-356f89eac063,Fundo ocaña,-7.20177553,266.891296386718,uuid:41fd09d1-1ae6-49c1-96c8-356f89eac063/plot[1],-76.49495991
uuid:42991a47-bca0-4974-acd1-f179d12b50b0,Parcela dolores,-6.99782554,257.63818359375,uuid:42991a47-bca0-4974-acd1-f179d12b50b0/plot[1],-76.51812831
uuid:42bab2a2-3ed2-4bba-a957-c8d3bc5cba82,Parcela Richar ruiz,-7.23318856,279.653015136718,uuid:42bab2a2-3ed2-4bba-a957-c8d3bc5cba82/plot[1],-76.48011588
uuid:43c1f8f7-7c1d-4e50-9e99-aff98ab9a99f,1,-5.5506805138235045,687.772634931802,uuid:43c1f8f7-7c1d-4e50-9e99-aff98ab9a99f/plot[1],-78.8190444277881
uuid:442e3135-2506-48cb-8ef0-c75a532c428c,Primavera,-4.847801666666667,35.6,uuid:442e3135-2506-48cb-8ef0-c75a532c428c/plot[1],-80.82272833333333
uuid:44a1f634-539c-41c2-9179-535c858302c2,Parcela Oswaldo marchena,-7.17990993,260.547546386718,uuid:44a1f634-539c-41c2-9179-535c858302c2/plot[1],-76.50007202
uuid:44cb988d-cc25-4953-bab0-b0124bc50f14,1,-5.713611071737205,505.669650888952,uuid:44cb988d-cc25-4953-bab0-b0124bc50f14/plot[1],-78.4961859864063
uuid:452bfd2c-225a-4c47-883e-6fccfee18c83,Venturosa,-4.854513750747197,0.0,uuid:452bfd2c-225a-4c47-883e-6fccfee18c83/plot[1],-80.8739997446537
uuid:45d03ac5-e8e2-46a4-9dc8-dd68bd61c3f8,El porvenir,-7.04244694,249.575012207031,uuid:45d03ac5-e8e2-46a4-9dc8-dd68bd61c3f8/plot[1],-76.5188212
uuid:46831ef3-dafb-43d7-a2bc-31745a99ff0f,Santa Angela,-4.731385864134066,0.0,uuid:46831ef3-dafb-43d7-a2bc-31745a99ff0f/plot[1],-80.53882118314506
uuid:46a8eba3-6005-4837-a8b2-d51aa5e163e2,Parcela Roger vela,-6.84288784,269.186889648437,uuid:46a8eba3-6005-4837-a8b2-d51aa5e163e2/plot[1],-76.55622558
uuid:46aa2d6a-25b7-42e3-94ed-a0fda9ff57ee,Las 14,-4.856065,52.8,uuid:46aa2d6a-25b7-42e3-94ed-a0fda9ff57ee/plot[1],-80.72732833333333
uuid:46b53a2d-359b-4ba9-8215-0456fe99bd8c,Santa Angela,-4.7297683333333325,73.0,uuid:46b53a2d-359b-4ba9-8215-0456fe99bd8c/plot[1],-80.535645
uuid:477bf067-f98b-486e-a7e3-7d6833c40a9b,San Ignacio,-4.882494491039925,0.0,uuid:477bf067-f98b-486e-a7e3-7d6833c40a9b/plot[1],-80.87948855012655
uuid:48b7e0c6-d4bb-443e-90d5-b417b50a857e,Las 35,-4.852001179861235,0.0,uuid:48b7e0c6-d4bb-443e-90d5-b417b50a857e/plot[1],-80.8060996234417
uuid:4908586b-a177-43d0-aa6c-3d12399d6350,Parcela Jose fidel,-6.96226886,254.269226074218,uuid:4908586b-a177-43d0-aa6c-3d12399d6350/plot[1],-76.2601865
uuid:495d7a9f-5f5d-43f4-a4f3-2f0cd0be968a,Parcela Alexis mozombite,-7.18339845,264.896728515625,uuid:495d7a9f-5f5d-43f4-a4f3-2f0cd0be968a/plot[1],-76.50440715
uuid:4a5bcc73-3df5-41bd-86ad-cd87dd467a3c,Punto 5,-6.525787939617843,0.0,uuid:4a5bcc73-3df5-41bd-86ad-cd87dd467a3c/plot[1],-79.8491870239377
uuid:4b2958aa-b2c4-49d7-b03e-cef409f7969b,El Baño,-4.8571435715994316,0.0,uuid:4b2958aa-b2c4-49d7-b03e-cef409f7969b/plot[1],-80.73415741324425
uuid:4b6884d2-2511-4d82-a4a3-af8ac77016fe,Parcela armando rivero,-7.16458366,253.25,uuid:4b6884d2-2511-4d82-a4a3-af8ac77016fe/plot[1],-76.49573047
uuid:4b692413-858e-4abc-9ff7-61009f7fbedd,El Horno,-4.846885,47.8,uuid:4b692413-858e-4abc-9ff7-61009f7fbedd/plot[1],-80.79056
uuid:4c3603c8-eac1-4dc6-9a16-f66b06f4bd0e,1,-5.363221569055453,0.0,uuid:4c3603c8-eac1-4dc6-9a16-f66b06f4bd0e/plot[1],-78.79226826131344
uuid:4c72ea1f-bbc2-4c9e-88d2-2bb8b9c7fad1,San Miguel del Chira,-4.868023333333333,27.7,uuid:4c72ea1f-bbc2-4c9e-88d2-2bb8b9c7fad1/plot[1],-80.861555
uuid:4d5ff36a-028e-46d5-98a0-feeef5658dc5,Parcela aricho rafael,-7.09733763,258.95263671875,uuid:4d5ff36a-028e-46d5-98a0-feeef5658dc5/plot[1],-76.48338885
uuid:4ee9750a-c7e7-47ec-b009-7a01d7484b7e,Fundo Esquen,-7.07432477,252.359497070312,uuid:4ee9750a-c7e7-47ec-b009-7a01d7484b7e/plot[1],-76.46313602
uuid:4f22a414-69b2-4ca1-aee4-9ce2343a9653,Sector La Nivelación,-4.8688883333333335,40.4,uuid:4f22a414-69b2-4ca1-aee4-9ce2343a9653/plot[1],-80.74789666666668
uuid:4f711567-cc1e-4126-ae36-fed190add20e,Parcela Pedro Tavera,-6.87003929,285.937866210937,uuid:4f711567-cc1e-4126-ae36-fed190add20e/plot[1],-76.55612765
uuid:4fbc27ab-d5a6-4fb5-9d23-d40389d8fdb4,Carpa huamantanga,-6.674329707532554,0.0,uuid:4fbc27ab-d5a6-4fb5-9d23-d40389d8fdb4/plot[1],-79.85717464238405
uuid:51fdaeae-9500-4e8b-ae75-6a9a7ec0f9c4,1,-5.3686773082413906,0.0,uuid:51fdaeae-9500-4e8b-ae75-6a9a7ec0f9c4/plot[1],-78.7688609585166
uuid:531c4c35-1c11-4070-93fe-d67794f76199,Parcela Juanito llanos,-6.99655206,244.962158203125,uuid:531c4c35-1c11-4070-93fe-d67794f76199/plot[1],-76.43279277
uuid:536bddb5-e3e0-4373-9640-bfd106a3a887,Carlos Mendoza,-4.731191666666668,75.7,uuid:536bddb5-e3e0-4373-9640-bfd106a3a887/plot[1],-80.53190833333333
uuid:538b89f1-74a8-43b0-92d9-f17c415276c4,1,-5.776298725454586,666.693467194652,uuid:538b89f1-74a8-43b0-92d9-f17c415276c4/plot[1],-78.56187185225944
uuid:5479b233-083f-42d7-a45f-86e2bdc36a46,Faicalito,-6.686232121204937,0.0,uuid:5479b233-083f-42d7-a45f-86e2bdc36a46/plot[1],-79.78449616581202
uuid:548f3c03-250e-45c0-9941-668e568a3446,Parcela Herminio fernandez,-7.11355739,264.816162109375,uuid:548f3c03-250e-45c0-9941-668e568a3446/plot[1],-76.50543541
uuid:54e175da-8b97-4b61-8cae-1b335a7e8806,Fundo carhuajulca,-7.11816164,266.112670898437,uuid:54e175da-8b97-4b61-8cae-1b335a7e8806/plot[1],-76.51030186
uuid:54e29e15-4109-49d2-9148-43f5e4d73b8a,Fundo Fernandez Marcelino,-7.09638843,243.646850585937,uuid:54e29e15-4109-49d2-9148-43f5e4d73b8a/plot[1],-76.48278117
uuid:55689b71-55ae-46b3-90dc-09dbef56fac6,1,-5.805130820325164,727.19389008132,uuid:55689b71-55ae-46b3-90dc-09dbef56fac6/plot[1],-78.2633479853547
uuid:5584d49d-239a-4fb1-8124-fb2215e50b75,San Jorge,-4.732046780126818,0.0,uuid:5584d49d-239a-4fb1-8124-fb2215e50b75/plot[1],-80.5313914641738
uuid:5616fc84-1e62-4221-8d40-5d835344e4a6,Venturosa,-4.862142274187349,0.0,uuid:5616fc84-1e62-4221-8d40-5d835344e4a6/plot[1],-80.87459217756987
uuid:567037e0-4b7d-4c20-9bb2-0cc7a1d75412,Punto 6,-6.77556336306632,0.0,uuid:567037e0-4b7d-4c20-9bb2-0cc7a1d75412/plot[1],-79.89275079220533
uuid:580eb69f-abc3-42e6-954c-723474e271d6,Chilape,-6.732198692596598,0.0,uuid:580eb69f-abc3-42e6-954c-723474e271d6/plot[1],-79.84910152852535
uuid:58375278-c90b-4351-b2b6-56600e1cdc04,Lote 5,-4.724606593858253,0.0,uuid:58375278-c90b-4351-b2b6-56600e1cdc04/plot[1],-80.52627380937338
uuid:58f428fa-be46-4f45-9c3e-e243e8cd3733,Boro II,-6.762709588452868,0.0,uuid:58f428fa-be46-4f45-9c3e-e243e8cd3733/plot[1],-79.76979732513428
uuid:59092a7a-13d8-4e9b-a096-5ee48f0266e4,El algarrobo,-6.4740452591513735,0.0,uuid:59092a7a-13d8-4e9b-a096-5ee48f0266e4/plot[1],-79.8758414760232
uuid:59c088d6-2ac4-4816-8c30-3845b888c4d3,Parcela Pedro Jimenez,-7.03578196,250.700256347656,uuid:59c088d6-2ac4-4816-8c30-3845b888c4d3/plot[1],-76.49864066
uuid:5a453fa6-00c7-4d16-8029-eb740ee1a1bf,Parcela Miguel jimenez,-7.17326545,260.545043945312,uuid:5a453fa6-00c7-4d16-8029-eb740ee1a1bf/plot[1],-76.49615764
uuid:5aa32951-12dc-45eb-9e75-7e3f884920b5,Parcela Augusto del águila,-7.20115624,267.829223632812,uuid:5aa32951-12dc-45eb-9e75-7e3f884920b5/plot[1],-76.49577298
uuid:5af335dc-2a70-453a-b034-b773e1aa3cf1,Rio Chico,-4.722014020852262,0.0,uuid:5af335dc-2a70-453a-b034-b773e1aa3cf1/plot[1],-80.5112849548459
uuid:5b1cda98-dc62-4926-8299-27126babfecc,Fundo Eugenio Fernández,-7.05735724,248.994262695312,uuid:5b1cda98-dc62-4926-8299-27126babfecc/plot[1],-76.47328288
uuid:5b47feb3-bba3-451a-a2a1-c2c14857171f,La Noventa 1,-4.849335926914389,0.0,uuid:5b47feb3-bba3-451a-a2a1-c2c14857171f/plot[1],-80.79135216772556
uuid:5ba754a0-dc0b-4f76-a872-c178bd0845b2,1,-5.594533766291167,410.997596177713,uuid:5ba754a0-dc0b-4f76-a872-c178bd0845b2/plot[1],-78.5751651003003
uuid:5be4d6b9-a7a5-45e8-9c0f-6f10ab156f36,El Limonal,-4.733729807537514,0.0,uuid:5be4d6b9-a7a5-45e8-9c0f-6f10ab156f36/plot[1],-80.53773187100887
uuid:5c445f60-3081-4a83-88a8-c797c6ac7f30,El Cerezo,-4.85896760290423,0.0,uuid:5c445f60-3081-4a83-88a8-c797c6ac7f30/plot[1],-80.75281787663698
uuid:5cd8d739-33f9-4ea6-8950-d086512cc8cb,Parcela Raul campos,-6.88832775,272.764526367187,uuid:5cd8d739-33f9-4ea6-8950-d086512cc8cb/plot[1],-76.56992703
uuid:5d7ae05c-b407-4277-a5c4-8555123404dc,Huerta,-6.657080134889104,0.0,uuid:5d7ae05c-b407-4277-a5c4-8555123404dc/plot[1],-79.81775220483541
uuid:5dc3b1f1-af4e-49de-b1ba-90a4b67015c8,Primavera,-4.84478412628628,0.0,uuid:5dc3b1f1-af4e-49de-b1ba-90a4b67015c8/plot[1],-80.82533072680235
uuid:5e5704cd-0179-43a2-8d03-c8198ea8d8f7,Guanabal,-6.6372609767797535,0.0,uuid:5e5704cd-0179-43a2-8d03-c8198ea8d8f7/plot[1],-79.73684169352056
uuid:5e9225d0-87f1-4449-bdbb-99b99c50242b,Parcela Jorge pinedo,-6.95304957,256.239440917968,uuid:5e9225d0-87f1-4449-bdbb-99b99c50242b/plot[1],-76.25762478
uuid:5e97acf7-0f9c-4248-8d14-8a0c6ee88d78,Parcela Galeno Rengifo,-7.1638781,265.836364746093,uuid:5e97acf7-0f9c-4248-8d14-8a0c6ee88d78/plot[1],-76.51377072
uuid:5ed3566b-2ec7-4d81-ac6b-dbabea0c8cbc,1,-5.647744679652224,440.694729394505,uuid:5ed3566b-2ec7-4d81-ac6b-dbabea0c8cbc/plot[1],-78.66144001747195
uuid:6040d825-0847-416b-85ef-7f7aac3bd72b,Boro II,-6.747292065759208,0.0,uuid:6040d825-0847-416b-85ef-7f7aac3bd72b/plot[1],-79.87652778625488
uuid:605d20a1-b1ef-43df-9e04-0b28d9ceaff6,Fundo Segundo Altamirano,-6.8200003,219.702758789062,uuid:605d20a1-b1ef-43df-9e04-0b28d9ceaff6/plot[1],-76.33435512
uuid:611607c8-9c56-448e-a2c5-ec05ec49f78d,Nogales,-6.778937975659047,0.0,uuid:611607c8-9c56-448e-a2c5-ec05ec49f78d/plot[1],-79.89420287311079
uuid:618634fc-fba7-455a-adc0-81fbf034676f,Santa Angela,-4.731622764832945,0.0,uuid:618634fc-fba7-455a-adc0-81fbf034676f/plot[1],-80.53762190043926
uuid:61f6a9b3-f6b1-4e67-8145-cca7fbe5de16,Parcela Mariano guerra,-7.24107594,281.483154296875,uuid:61f6a9b3-f6b1-4e67-8145-cca7fbe5de16/plot[1],-76.47335676
uuid:62344a63-dabc-40b0-84c1-a70ccba5e721,1,-5.740374326985558,579.743228156558,uuid:62344a63-dabc-40b0-84c1-a70ccba5e721/plot[1],-78.54191077899023
uuid:62396ac4-082c-4dfa-a65c-10ca6cd998c2,San Ignacio,-4.885357041009857,0.0,uuid:62396ac4-082c-4dfa-a65c-10ca6cd998c2/plot[1],-80.87939500808716
uuid:62d53bfd-6d07-4c88-985c-5c44f5b18b8b,Tronco,-6.503459494316316,0.0,uuid:62d53bfd-6d07-4c88-985c-5c44f5b18b8b/plot[1],-79.83908280730247
uuid:62f28104-1036-4a98-8155-0b9c01786367,Carpa - huamantanga,-6.661673064794469,0.0,uuid:62f28104-1036-4a98-8155-0b9c01786367/plot[1],-79.8418528586626
uuid:63fa2950-6aa7-4343-b712-9bba32003d54,1,-5.758517410496241,621.381791617285,uuid:63fa2950-6aa7-4343-b712-9bba32003d54/plot[1],-78.55606255943225
uuid:6498f5f1-832d-445f-9693-16a710957663,Las Setenta,-4.844506173137244,0.0,uuid:6498f5f1-832d-445f-9693-16a710957663/plot[1],-80.73086064308882
uuid:64dafac1-8d33-43fb-9409-b3b038c3db4d,Garcia I,-4.867505406852277,0.0,uuid:64dafac1-8d33-43fb-9409-b3b038c3db4d/plot[1],-80.83387926220894
uuid:6586ce44-f6de-49fe-955d-2aec46f77691,El Huabo - La 6°,-4.863448333333333,43.3,uuid:6586ce44-f6de-49fe-955d-2aec46f77691/plot[1],-80.72606333333333
uuid:65c34033-42f4-4e7a-88ae-67e4638499a0,El Horno,-4.8465533333333335,47.4,uuid:65c34033-42f4-4e7a-88ae-67e4638499a0/plot[1],-80.79040833333333
uuid:6628f1a4-f58d-4747-ab7b-3fd7a83eca6b,1,-5.579866572530053,749.886506990869,uuid:6628f1a4-f58d-4747-ab7b-3fd7a83eca6b/plot[1],-78.82147927643639
uuid:675044c6-a7be-415a-8f48-f357f60700be,1,-5.656233990099975,0.0,uuid:675044c6-a7be-415a-8f48-f357f60700be/plot[1],-78.75354755669832
uuid:69e90d2d-adde-4a88-9bc0-49c806786214,1,-5.355850824468712,907.103930029194,uuid:69e90d2d-adde-4a88-9bc0-49c806786214/plot[1],-78.84842927487652
uuid:6a3e65cd-6e8b-4bdb-a938-a4855c2be2c7,Parcela rogerlan rivera,-6.84862668,274.495849609375,uuid:6a3e65cd-6e8b-4bdb-a938-a4855c2be2c7/plot[1],-76.55961672
uuid:6b03dd2f-df72-4824-a67b-6aeb47c23deb,Fala,-6.687237767482254,0.0,uuid:6b03dd2f-df72-4824-a67b-6aeb47c23deb/plot[1],-79.78594288229942
uuid:6b3fa12a-1858-4147-b737-14f47484b28f,Cuchilla de Talara,-4.838115,36.7,uuid:6b3fa12a-1858-4147-b737-14f47484b28f/plot[1],-80.81229833333333
uuid:6bac5b7f-68d8-4522-9e5e-dcbac565599e,Boro II,-6.7578106344911975,0.0,uuid:6bac5b7f-68d8-4522-9e5e-dcbac565599e/plot[1],-79.76747553795576
uuid:6cc26284-c204-435c-9a89-7834d7860b18,1,-5.649403929278613,0.0,uuid:6cc26284-c204-435c-9a89-7834d7860b18/plot[1],-78.65999478846788
uuid:6cc3ed2f-12cc-4b68-a2a7-90ee4e20fa18,La Sexta,-4.859507127701421,0.0,uuid:6cc3ed2f-12cc-4b68-a2a7-90ee4e20fa18/plot[1],-80.73476392775774
uuid:6cdc1e29-6d8f-4388-afb1-bf304b88e8b2,Parcela olivera,-7.16168432,264.142639160156,uuid:6cdc1e29-6d8f-4388-afb1-bf304b88e8b2/plot[1],-76.51459816
uuid:6d3eaaf2-4927-451d-a3ab-6f2a23493072,El Huabo (La 6°),-4.862216666666667,45.2,uuid:6d3eaaf2-4927-451d-a3ab-6f2a23493072/plot[1],-80.72729833333332
uuid:6e1180d9-f93b-4aff-b241-ec5bf350884e,1,-5.655594272134177,493.470648904167,uuid:6e1180d9-f93b-4aff-b241-ec5bf350884e/plot[1],-78.70394069727969
uuid:6e7533ca-3fa2-4fd2-b69a-dabd8c25736b,Parcela jayo tapullima,-7.22902807,291.395446777343,uuid:6e7533ca-3fa2-4fd2-b69a-dabd8c25736b/plot[1],-76.48009627
uuid:6e9aa37e-339d-4084-a56c-50453b2eb8ef,Parcela Carmen flores,-6.96928785,255.237182617187,uuid:6e9aa37e-339d-4084-a56c-50453b2eb8ef/plot[1],-76.5135997
uuid:6e9dc65f-bce2-456b-b2ae-09b128e548a5,Parcela Nelson jimenes,-6.95795725,255.375122070312,uuid:6e9dc65f-bce2-456b-b2ae-09b128e548a5/plot[1],-76.25899166
uuid:6eacc244-9e2e-4e43-acc2-e8905790306b,1,-5.654279965231379,495.890821311502,uuid:6eacc244-9e2e-4e43-acc2-e8905790306b/plot[1],-78.69337760976053
uuid:6eed79e4-a259-49c8-a40a-3480bb947162,Fundo huallaga,-7.1511168,297.002075195312,uuid:6eed79e4-a259-49c8-a40a-3480bb947162/plot[1],-76.64438694
uuid:6f8481c8-5418-4610-995d-bd04616ea30e,Primavera,-4.84845,42.8,uuid:6f8481c8-5418-4610-995d-bd04616ea30e/plot[1],-80.82710166666668
uuid:6fa6a5fa-e61e-462e-b358-1cbb443b3330,San Jorge,-4.729299999999999,73.5,uuid:6fa6a5fa-e61e-462e-b358-1cbb443b3330/plot[1],-80.53014166666667
uuid:700b58b7-c4c7-45c9-bcd4-1a0c6cec925f,1,-5.544639494056406,0.0,uuid:700b58b7-c4c7-45c9-bcd4-1a0c6cec925f/plot[1],-78.80378097295761
uuid:700d1eb9-042b-411a-a19a-4e9e46f490f1,Sector 25-la segunda de Mallares,-4.866295000000001,47.6,uuid:700d1eb9-042b-411a-a19a-4e9e46f490f1/plot[1],-80.75057166666667
uuid:714418fb-af13-46a8-bdce-394563b5aa1d,1,-7.160987152812647,0.0,uuid:714418fb-af13-46a8-bdce-394563b5aa1d/plot[1],-74.28094156086445
uuid:7289626d-cece-48ce-96cc-47a0cf91f255,Las H,-4.850051666666667,53.2,uuid:7289626d-cece-48ce-96cc-47a0cf91f255/plot[1],-80.73072666666667
uuid:7446542e-482f-4802-b5c7-39c43a592498,Fangueadores,-6.5023661977795175,0.0,uuid:7446542e-482f-4802-b5c7-39c43a592498/plot[1],-79.83719319105148
uuid:74524ac0-f1f2-4791-a6c1-b1106944f119,1,-5.523442422145135,757.194760880254,uuid:74524ac0-f1f2-4791-a6c1-b1106944f119/plot[1],-78.82669215425597
uuid:7455cddb-77b2-4f12-82af-b83a7ab85bd0,Boro II,-6.759724075796513,0.0,uuid:7455cddb-77b2-4f12-82af-b83a7ab85bd0/plot[1],-79.77194745093584
uuid:75c4595d-fa74-4d1a-b6bb-a613d27c62a4,1,-5.722860980140649,444.559872156776,uuid:75c4595d-fa74-4d1a-b6bb-a613d27c62a4/plot[1],-78.46262320547419
uuid:7604ce16-85e9-4c4f-88d9-96247d8b8ac7,Parcela Arturo Malon,-7.02996087,268.770812988281,uuid:7604ce16-85e9-4c4f-88d9-96247d8b8ac7/plot[1],-76.55826856
uuid:767e48af-d6f5-4ff7-bd39-927b48e81942,Limo,-4.836077991440039,0.0,uuid:767e48af-d6f5-4ff7-bd39-927b48e81942/plot[1],-80.80986209213734
uuid:76892291-5dbc-40e0-9c2c-d2b64a835721,San Francisco,-4.852092716313514,0.0,uuid:76892291-5dbc-40e0-9c2c-d2b64a835721/plot[1],-80.82744229584934
uuid:76ba77ec-e701-4611-97ef-5e06b2100a64,Santa Grimaneza,-4.871293333333334,25.3,uuid:76ba77ec-e701-4611-97ef-5e06b2100a64/plot[1],-80.88681666666666
uuid:773ff200-3501-49b2-9144-39a314ef1c7a,1,-5.682225298749768,446.70150236919,uuid:773ff200-3501-49b2-9144-39a314ef1c7a/plot[1],-78.68367593598066
uuid:77cf5bd7-e792-4e59-9993-271468a34021,Compuerta More de Garcia Grande,-4.862838474960414,0.0,uuid:77cf5bd7-e792-4e59-9993-271468a34021/plot[1],-80.83400901407003
uuid:78ac245d-969c-4b07-b456-857d33b12d0e,Fangueadores,-6.503802606389402,0.0,uuid:78ac245d-969c-4b07-b456-857d33b12d0e/plot[1],-79.83969435095787
uuid:794a66e4-a979-4977-bbc4-e68c04d69aa5,Parcela Félix peña Cabrera,-6.88538801,267.994995117187,uuid:794a66e4-a979-4977-bbc4-e68c04d69aa5/plot[1],-76.56977773
uuid:7a9f05f6-7087-47fb-933d-f046ac51466f,Carpa-huamantanga,-6.672812539409851,0.0,uuid:7a9f05f6-7087-47fb-933d-f046ac51466f/plot[1],-79.85950514674187
uuid:7acadb43-3596-44b0-bf33-0b17cc8580e1,Abanico,-4.858501666666667,59.4,uuid:7acadb43-3596-44b0-bf33-0b17cc8580e1/plot[1],-80.72941333333333
uuid:7b4555af-fe3d-4807-9f30-d0dacfec5288,1,-5.795234143599709,0.0,uuid:7b4555af-fe3d-4807-9f30-d0dacfec5288/plot[1],-78.27384386211634
uuid:7b743e81-e0ba-4b8d-9173-b617c1736aa8,Primavera,-4.846003333333333,37.7,uuid:7b743e81-e0ba-4b8d-9173-b617c1736aa8/plot[1],-80.82635499999999
uuid:7c1541f7-6bd9-4e1a-9181-b2603fd93c18,Parcela Jhon flores,-7.18030212,256.407104492187,uuid:7c1541f7-6bd9-4e1a-9181-b2603fd93c18/plot[1],-76.49861924
uuid:7c81cc9e-6236-4322-bc9e-a3901e40dea1,1,-5.6519375925899675,512.1109863754,uuid:7c81cc9e-6236-4322-bc9e-a3901e40dea1/plot[1],-78.69933574969573
uuid:7cd8a697-5000-468c-ad20-4956f30ec03d,1,-5.578373078826594,725.666535759241,uuid:7cd8a697-5000-468c-ad20-4956f30ec03d/plot[1],-78.78384966942339
uuid:7df7c123-c978-4c1a-8972-7de2b90f333d,Parcela Yerson Gormas,-6.498375745181203,0.0,uuid:7df7c123-c978-4c1a-8972-7de2b90f333d/plot[1],-76.37665506452322
uuid:7e02e7b8-5a56-49e8-8481-e6f00a57a17a,1,-5.575158319959906,739.396933835064,uuid:7e02e7b8-5a56-49e8-8481-e6f00a57a17a/plot[1],-78.82731863068891
uuid:7e9393cf-10ad-4fc2-93b2-62134a08c094,Parcela Gagarin Jiménez,-7.25846463,282.329223632812,uuid:7e9393cf-10ad-4fc2-93b2-62134a08c094/plot[1],-76.47079441
uuid:7f3beebf-3cd6-4cd5-894f-80e9e07a2fec,Parcela Guido armas,-7.16805126,263.755798339843,uuid:7f3beebf-3cd6-4cd5-894f-80e9e07a2fec/plot[1],-76.49372895
uuid:7f490625-9ef3-4e16-8c6f-546492e51a68,Parcela Cesar Guevara,-7.00195112,254.904968261718,uuid:7f490625-9ef3-4e16-8c6f-546492e51a68/plot[1],-76.51639851
uuid:7f80346a-757d-4a9a-9d91-f2f674af201f,1,-5.806905710676607,0.0,uuid:7f80346a-757d-4a9a-9d91-f2f674af201f/plot[1],-78.27465556561947
uuid:7f869f1a-9c4c-4251-beb8-9666a338075c,1,-5.564656928951843,0.0,uuid:7f869f1a-9c4c-4251-beb8-9666a338075c/plot[1],-78.82766067981719
uuid:815febf7-1eaa-4937-a727-72d488aeaea4,Parcela Iván García,-6.90997858,275.762573242187,uuid:815febf7-1eaa-4937-a727-72d488aeaea4/plot[1],-76.57069884
uuid:816fbb74-2fe4-4c64-918f-175c351927eb,La Bomba,-4.862191666666666,49.8,uuid:816fbb74-2fe4-4c64-918f-175c351927eb/plot[1],-80.72592333333334
uuid:81e73cc0-a6cd-4042-be04-2acab8578a15,Parcela Beto Rafael,-7.09803595,245.358642578125,uuid:81e73cc0-a6cd-4042-be04-2acab8578a15/plot[1],-76.48438156
uuid:82c0e88d-1841-4590-b79f-0e64220043dd,Parcela Catalino Rodríguez,-6.83716825,277.605102539062,uuid:82c0e88d-1841-4590-b79f-0e64220043dd/plot[1],-76.55651629
uuid:8361dff4-6a45-4719-9713-951614a0f4a7,Macalopu,-6.659511808904549,0.0,uuid:8361dff4-6a45-4719-9713-951614a0f4a7/plot[1],-79.85821198672056
uuid:837a1654-89e7-431f-80b5-7da77d4234ec,Chanduvi,-6.75367242137252,0.0,uuid:837a1654-89e7-431f-80b5-7da77d4234ec/plot[1],-79.88843008875847
uuid:83d7264e-49b9-4ae9-9009-9cc8f115c3bc,Segundo cuerpo de la Quinta,-4.844423333333333,51.9,uuid:83d7264e-49b9-4ae9-9009-9cc8f115c3bc/plot[1],-80.73678333333334
uuid:84615f6d-1ac8-4e16-af34-05834119cf6e,San Martín Alto,-4.857173638089503,0.0,uuid:84615f6d-1ac8-4e16-af34-05834119cf6e/plot[1],-80.83626609295607
uuid:846e6ca4-ee83-4a36-a14d-2a9094665b1a,Fundo Valentin huanca,-7.20469067,259.313354492187,uuid:846e6ca4-ee83-4a36-a14d-2a9094665b1a/plot[1],-76.50533993
uuid:857eac8e-d7a7-45fe-b2d5-ee17802683fb,Parcela Harry muños,-6.96623533,254.687438964843,uuid:857eac8e-d7a7-45fe-b2d5-ee17802683fb/plot[1],-76.26127472
uuid:8594cfa1-6c09-4f08-8e1c-402474c2ff93,Llencala,-6.709619187915729,0.0,uuid:8594cfa1-6c09-4f08-8e1c-402474c2ff93/plot[1],-79.92175452411175
uuid:85c9a988-c85d-446f-a244-0daf290a7a6f,El Huabo la 6°,-4.85992,53.1,uuid:85c9a988-c85d-446f-a244-0daf290a7a6f/plot[1],-80.73267000000001
uuid:85d1183a-148c-4967-a6e2-55d0deb05e6d,Santa Monica,-4.721641666666667,72.1,uuid:85d1183a-148c-4967-a6e2-55d0deb05e6d/plot[1],-80.52249666666667
uuid:868e4171-af9d-4acc-aa43-4bd0badced62,La cincuenta,-4.86672636220384,0.0,uuid:868e4171-af9d-4acc-aa43-4bd0badced62/plot[1],-80.81865303218365
uuid:86dfec7d-35b0-4932-b4c3-42cf35857cc2,1,-5.58849269176862,0.0,uuid:86dfec7d-35b0-4932-b4c3-42cf35857cc2/plot[1],-78.8203063979745
uuid:871de976-f2cf-464f-b0ab-4e27dc47d424,1,-5.658116428548582,496.561246738516,uuid:871de976-f2cf-464f-b0ab-4e27dc47d424/plot[1],-78.70974979926727
uuid:87c74972-a3be-4923-a17f-650f740ae3d6,1,-5.640719054111925,424.692965316774,uuid:87c74972-a3be-4923-a17f-650f740ae3d6/plot[1],-78.66343429699512
uuid:888d07d0-ebb8-4aa7-bd84-29923a22659f,Parcela Harol Tafur,-7.04864209,251.179016113281,uuid:888d07d0-ebb8-4aa7-bd84-29923a22659f/plot[1],-76.52997416
uuid:894ad98e-a54f-4eb6-b2b2-d769c93ec683,Carpa-huamantanga,-6.663053066656262,0.0,uuid:894ad98e-a54f-4eb6-b2b2-d769c93ec683/plot[1],-79.85400930047035
uuid:89982fdb-ba25-4c69-83cf-d5b000fd5c07,Las Seis Cuadras,-4.860818020826787,0.0,uuid:89982fdb-ba25-4c69-83cf-d5b000fd5c07/plot[1],-80.8102922514081
uuid:8a917a80-b3bc-45eb-b592-e98b12624f94,Sanchez,-6.704558867053937,0.0,uuid:8a917a80-b3bc-45eb-b592-e98b12624f94/plot[1],-79.92492187768221
uuid:8af04298-1962-4b60-a787-a935b7d14123,1,-5.572012439945405,739.829771429159,uuid:8af04298-1962-4b60-a787-a935b7d14123/plot[1],-78.83366735721722
uuid:8bde378f-3fa3-4411-956a-ea7316515414,1,-5.372915953949373,0.0,uuid:8bde378f-3fa3-4411-956a-ea7316515414/plot[1],-78.78972250968218
uuid:8bfa78a1-a5d7-4c71-8215-a40cf5052d2a,Huerta,-6.66454329114027,0.0,uuid:8bfa78a1-a5d7-4c71-8215-a40cf5052d2a/plot[1],-79.84647933393717
uuid:8c9643b3-c741-44b9-8088-da62c26fa9b4,El Cerezo,-4.860063333333333,42.5,uuid:8c9643b3-c741-44b9-8088-da62c26fa9b4/plot[1],-80.75489999999999
uuid:8d5cec42-baaa-4d06-a22a-eb50e5d1a025,1,-5.550462660224635,0.0,uuid:8d5cec42-baaa-4d06-a22a-eb50e5d1a025/plot[1],-78.8106856495142
uuid:8d7e2fc2-eafd-4342-8aca-0871b84a6a58,San Martin Bajo,-4.856151710747193,0.0,uuid:8d7e2fc2-eafd-4342-8aca-0871b84a6a58/plot[1],-80.83813693374395
uuid:8dc230e8-b331-4af7-ad42-c4ceddf26b40,Nva esperanza,-6.943352962844074,226.0,uuid:8dc230e8-b331-4af7-ad42-c4ceddf26b40/plot[1],-76.37679629959166
uuid:8dff36cb-af1d-49d9-83ef-7af4a6bf1d44,1,-5.6477289954727325,448.040238333714,uuid:8dff36cb-af1d-49d9-83ef-7af4a6bf1d44/plot[1],-78.65189308791989
uuid:8ed06e33-49ef-40ce-9adf-db06d3784b6c,Jorge Oliva,-4.731725,74.2,uuid:8ed06e33-49ef-40ce-9adf-db06d3784b6c/plot[1],-80.53364
uuid:8ed18cdd-2202-4aa0-9c55-ee32f957b50a,1,-5.640457271185983,414.578288679608,uuid:8ed18cdd-2202-4aa0-9c55-ee32f957b50a/plot[1],-78.64951410116534
uuid:8ef12a23-72d2-41d7-8d46-92be3e082a33,La Setenta,-4.84476408159185,0.0,uuid:8ef12a23-72d2-41d7-8d46-92be3e082a33/plot[1],-80.73026753962041
uuid:8fb0e888-4c64-41df-9b8e-e2a4a3efd8eb,Maran,-4.753446666666666,77.7,uuid:8fb0e888-4c64-41df-9b8e-e2a4a3efd8eb/plot[1],-80.53730833333334
uuid:90330f79-9510-454a-aff8-5ab5d04fc9f5,Parcela Edwin Rodríguez,-7.21070708,269.558654785156,uuid:90330f79-9510-454a-aff8-5ab5d04fc9f5/plot[1],-76.48983638
uuid:909482bb-e25a-46bf-a0a6-e935d455a2f7,Carrizo,-6.628009343113694,0.0,uuid:909482bb-e25a-46bf-a0a6-e935d455a2f7/plot[1],-79.72388193011285
uuid:9340077c-02c5-4969-8aa0-2dce3e0b897d,Puente A,-6.5085578491024885,0.0,uuid:9340077c-02c5-4969-8aa0-2dce3e0b897d/plot[1],-79.84895199537277
uuid:9342d136-45b0-4189-a70e-ec2d55929cc1,El Higueron,-5.38591644200828,0.0,uuid:9342d136-45b0-4189-a70e-ec2d55929cc1/plot[1],-78.77184692770243
uuid:9349debd-2b6e-45e2-8f47-e333fa50427c,Lote 5,-4.720419177662237,0.0,uuid:9349debd-2b6e-45e2-8f47-e333fa50427c/plot[1],-80.52903916686773
uuid:93af38b6-bdc4-468f-a475-aa5718134594,Parcela leodoro garcia,-6.88124168,266.644470214843,uuid:93af38b6-bdc4-468f-a475-aa5718134594/plot[1],-76.56709727
uuid:93b9851c-7eb0-4c0b-aa98-28a5b9601453,Corpa,-6.701444131359746,0.0,uuid:93b9851c-7eb0-4c0b-aa98-28a5b9601453/plot[1],-79.82714094221592
uuid:94066aa0-7ed7-4e44-8c2a-d4e51364124c,Parcela narciso pinedo,-7.23824576,282.564453125,uuid:94066aa0-7ed7-4e44-8c2a-d4e51364124c/plot[1],-76.47387652
uuid:94b40656-fcc3-4c67-8881-078fab34e777,1,-5.652728793126756,573.141003273793,uuid:94b40656-fcc3-4c67-8881-078fab34e777/plot[1],-78.74666591670488
uuid:9545f191-ca70-4859-8a45-732a1a32a54b,1,-5.707319587090801,0.0,uuid:9545f191-ca70-4859-8a45-732a1a32a54b/plot[1],-78.78806758671999
uuid:954fb4b5-d16b-4b09-a8f1-3075975e8bd7,El Limon,-4.850891382908342,0.0,uuid:954fb4b5-d16b-4b09-a8f1-3075975e8bd7/plot[1],-80.79238750040531
uuid:9584da75-56af-4400-9e0c-3603b91140eb,Parcela succe,-7.06528833,258.153564453125,uuid:9584da75-56af-4400-9e0c-3603b91140eb/plot[1],-76.58361566
uuid:96a31482-e220-4d16-ba87-665d16862d9d,Punto 6,-6.775694539253525,0.0,uuid:96a31482-e220-4d16-ba87-665d16862d9d/plot[1],-79.89454083144665
uuid:973f0c77-0ae5-4d43-a96f-7fc1d79cc9d7,1,-5.597048042375563,425.361635155509,uuid:973f0c77-0ae5-4d43-a96f-7fc1d79cc9d7/plot[1],-78.57437425736421
uuid:985e9abd-32ee-4520-922d-5ed4bc8c436a,Carpa,-6.723943436713193,0.0,uuid:985e9abd-32ee-4520-922d-5ed4bc8c436a/plot[1],-79.8801340162754
uuid:98c2c870-c144-4f63-809f-e0e34b0d038f,Limonal,-4.73090471154831,0.0,uuid:98c2c870-c144-4f63-809f-e0e34b0d038f/plot[1],-80.53970597684383
uuid:98d361ee-627c-4755-8685-f602f68d9774,Parcela José saldaña,-7.18403246,262.553588867187,uuid:98d361ee-627c-4755-8685-f602f68d9774/plot[1],-76.49657837
uuid:98f190d5-aac1-4514-84d0-1995d47e230d,Parcela cochachin,-7.1935675,251.4267578125,uuid:98f190d5-aac1-4514-84d0-1995d47e230d/plot[1],-76.50652783
uuid:994f8512-83ad-46f2-bec9-98562d50f89b,Carpa,-6.609537194785435,0.0,uuid:994f8512-83ad-46f2-bec9-98562d50f89b/plot[1],-79.80917282402515
uuid:9954c341-7e3d-418c-b299-eddc56d807b9,San Alfredo,-4.878208827691447,0.0,uuid:9954c341-7e3d-418c-b299-eddc56d807b9/plot[1],-80.84527898579836
uuid:9a133c67-06d1-4467-a4aa-289d5bced2b2,Piedra parada,-6.591654538647886,0.0,uuid:9a133c67-06d1-4467-a4aa-289d5bced2b2/plot[1],-79.78083562105894
uuid:9a5975c9-1dd4-4900-be93-411fa28d1d6d,1,-5.594436311734593,406.645073213213,uuid:9a5975c9-1dd4-4900-be93-411fa28d1d6d/plot[1],-78.5752122287402
uuid:9aa8c396-b660-4a46-b25d-ba61ad020c5e,Las Setenta,-4.844234233287073,0.0,uuid:9aa8c396-b660-4a46-b25d-ba61ad020c5e/plot[1],-80.73090255260468
uuid:9acf8e62-1ffe-4e79-b81a-a81813bf4987,Parcela Manuel sajami,-6.83923139,277.460693359375,uuid:9acf8e62-1ffe-4e79-b81a-a81813bf4987/plot[1],-76.55625359
uuid:9aefbfc9-42b2-4d9e-8645-ffa2a267c4cd,Fangueadores,-6.50535460263639,0.0,uuid:9aefbfc9-42b2-4d9e-8645-ffa2a267c4cd/plot[1],-79.84443683177233
uuid:9b9b347f-ed42-4bfa-9639-b5ae70f27126,1,-5.732122293606545,452.603514014805,uuid:9b9b347f-ed42-4bfa-9639-b5ae70f27126/plot[1],-78.46753874416741
uuid:9baf8223-e48f-4229-80f8-722dbc580d3d,Carpa-huamantanga,-6.685371992300157,0.0,uuid:9baf8223-e48f-4229-80f8-722dbc580d3d/plot[1],-79.86605979502203
uuid:9bb48bc1-23c3-4342-befb-861ae14aae0a,1,-5.669155533171072,0.0,uuid:9bb48bc1-23c3-4342-befb-861ae14aae0a/plot[1],-78.76766972243786
uuid:9bb50d37-2bb0-4b42-8aff-f19a3b756d81,1,33.067458884663324,0.0,uuid:9bb50d37-2bb0-4b42-8aff-f19a3b756d81/plot[1],-27.137283571064472
uuid:9bb609f2-a69f-4685-929c-be4c6d36d933,Parcela maguin garcia,-7.14674543,300.063537597656,uuid:9bb609f2-a69f-4685-929c-be4c6d36d933/plot[1],-76.63894511
uuid:9c802629-9e64-466c-a2e1-d2878d826e23,San Miguel,-4.8678766666666675,28.5,uuid:9c802629-9e64-466c-a2e1-d2878d826e23/plot[1],-80.86480333333334
uuid:9d98ad1f-f09d-4d3e-b08a-9f0bd3f69b50,Rio Chico,-4.7216237473914,0.0,uuid:9d98ad1f-f09d-4d3e-b08a-9f0bd3f69b50/plot[1],-80.5106221139431
uuid:9e5704db-9e9c-4d4b-bfa3-58a189f6a16f,1,-5.68454797002089,0.0,uuid:9e5704db-9e9c-4d4b-bfa3-58a189f6a16f/plot[1],-78.79389267414808
uuid:9eb58f9b-bae1-4bed-a86b-d9ba0e78ba5e,1,-5.522886312045426,744.855001098214,uuid:9eb58f9b-bae1-4bed-a86b-d9ba0e78ba5e/plot[1],-78.82441947049305
uuid:9ef07fe5-1b83-47bd-9c4f-4f395815632d,Parcela Marcelo Macedo,-6.87981525,282.292907714843,uuid:9ef07fe5-1b83-47bd-9c4f-4f395815632d/plot[1],-76.55300723
uuid:9f0f2840-10d5-4702-8b49-54a844ed0cdb,1,-5.525059396149818,716.467181804304,uuid:9f0f2840-10d5-4702-8b49-54a844ed0cdb/plot[1],-78.82411590040171
uuid:9f2c96d3-8be9-4ad2-9195-9493c7d6a775,Parcela Ricardo Jiménez,-6.82191042,223.832336425781,uuid:9f2c96d3-8be9-4ad2-9195-9493c7d6a775/plot[1],-76.3269787
uuid:9f6b9b67-0d04-4404-942d-8881d10b8e76,Maran,-4.7522,83.5,uuid:9f6b9b67-0d04-4404-942d-8881d10b8e76/plot[1],-80.53725666666666
uuid:9f75c30a-f4e5-4346-9ffe-4e4054985657,1,-5.685571940314687,426.593176026556,uuid:9f75c30a-f4e5-4346-9ffe-4e4054985657/plot[1],-78.51533771111832
uuid:9fb7d3e9-3172-44bc-b341-2f72f45dc1ee,Puente A,-6.524013492494368,0.0,uuid:9fb7d3e9-3172-44bc-b341-2f72f45dc1ee/plot[1],-79.84957225620747
uuid:a0c821a7-51e9-4f48-a2aa-40e06ec98c03,Santa Monica,-4.718418350977711,0.0,uuid:a0c821a7-51e9-4f48-a2aa-40e06ec98c03/plot[1],-80.52398420870304
uuid:a0e07b44-e2cf-4c85-b53d-6efb5b04d686,Llencala,-6.5466621204546485,0.0,uuid:a0e07b44-e2cf-4c85-b53d-6efb5b04d686/plot[1],-80.0386817380786
uuid:a0f1281d-59da-41e0-bde6-7040a418e592,1,-5.576624484246733,0.0,uuid:a0f1281d-59da-41e0-bde6-7040a418e592/plot[1],-78.82142957299948
uuid:a1af40e1-6210-4b9e-8b95-cd2b8a3f57a0,Parcela Benjamin Ramírez,-6.83383389,274.128234863281,uuid:a1af40e1-6210-4b9e-8b95-cd2b8a3f57a0/plot[1],-76.55706795
uuid:a203917f-ecb9-4ef3-bfbf-b1aea06066d5,El Huabo La sexta,-4.861746067476,0.0,uuid:a203917f-ecb9-4ef3-bfbf-b1aea06066d5/plot[1],-80.72834875434637
uuid:a24a6347-7f78-4010-aa50-41f19248f1f4,1,-5.384576097189077,814.732249322409,uuid:a24a6347-7f78-4010-aa50-41f19248f1f4/plot[1],-78.82668089826763
uuid:a34cd3cc-4801-4b4b-b031-cfa6331fcd0b,Parcela Daniel Jiménez,-7.06540942,0.0,uuid:a34cd3cc-4801-4b4b-b031-cfa6331fcd0b/plot[1],-76.5837304
uuid:a4b63b50-1216-42ff-b386-8accf9a77472,La Sexta El Baño,-4.859867590158039,0.0,uuid:a4b63b50-1216-42ff-b386-8accf9a77472/plot[1],-80.73564738035202
uuid:a5463dbb-6a68-403b-92ab-a237d00acfdf,Limo,-4.836221666666667,55.2,uuid:a5463dbb-6a68-403b-92ab-a237d00acfdf/plot[1],-80.808125
uuid:a6ce8fdb-6408-4318-8b38-e261b80d4401,Fundo crisaida,-6.94310349,272.624633789062,uuid:a6ce8fdb-6408-4318-8b38-e261b80d4401/plot[1],-76.53323288
uuid:a755bde1-ddfd-4a91-b7f0-dde404606c1c,1,-5.637003012130352,485.604872732905,uuid:a755bde1-ddfd-4a91-b7f0-dde404606c1c/plot[1],-78.52065020205272
uuid:a765554c-aa22-45e3-a5cf-0bf18f65f863,Arenal,-6.465404249660438,0.0,uuid:a765554c-aa22-45e3-a5cf-0bf18f65f863/plot[1],-79.8805695399642
uuid:a7d84472-216b-4c37-b4e0-14d2ffe20818,Carpa,-6.664306853591422,0.0,uuid:a7d84472-216b-4c37-b4e0-14d2ffe20818/plot[1],-79.83822382986546
uuid:a84e9e56-7b05-4db1-b950-cbde9ec1cdcb,La Cincuenta,-4.866825580204462,0.0,uuid:a84e9e56-7b05-4db1-b950-cbde9ec1cdcb/plot[1],-80.81826914101839
uuid:a865e241-7b36-497a-8b49-610f050e73dd,1,-5.653007312721805,0.0,uuid:a865e241-7b36-497a-8b49-610f050e73dd/plot[1],-78.74931905418633
uuid:a87ff12e-4670-4d5f-8950-0ade4e54f49d,El algarrobo,-6.468814631032185,0.0,uuid:a87ff12e-4670-4d5f-8950-0ade4e54f49d/plot[1],-79.87683221697807
uuid:a8f0f5d9-e4ff-4cbd-adef-b3e3388bfc8c,Parcela Montenegro,-7.0748471,251.226196289062,uuid:a8f0f5d9-e4ff-4cbd-adef-b3e3388bfc8c/plot[1],-76.50952971
uuid:a948aef8-5bfd-47bc-a1ec-5ed0ede12970,Parcela joaquin Jimenez,-6.97685802,255.048522949218,uuid:a948aef8-5bfd-47bc-a1ec-5ed0ede12970/plot[1],-76.46630046
uuid:a95f5b4e-8a59-4cc5-a461-00fb3f8293f2,1,-5.759910390582795,593.70260983251,uuid:a95f5b4e-8a59-4cc5-a461-00fb3f8293f2/plot[1],-78.55389616058147
uuid:aa3620dd-1a64-415a-a4ce-78fbc40c8b16,Boro II,-6.763740713050696,0.0,uuid:aa3620dd-1a64-415a-a4ce-78fbc40c8b16/plot[1],-79.76962968707085
uuid:aa77aadc-d85a-41ea-85e6-5dcb13bbaa52,Las Catorce,-4.858538321255537,0.0,uuid:aa77aadc-d85a-41ea-85e6-5dcb13bbaa52/plot[1],-80.75366780161858
uuid:aad486de-3b64-43b9-b6cf-dd8c18c495f5,Sector la Nivelación,-4.869515,40.3,uuid:aad486de-3b64-43b9-b6cf-dd8c18c495f5/plot[1],-80.74784666666666
uuid:ab2ff120-33a5-4d82-88aa-eb1c5a7bafe7,Las catorce,-4.856781771396959,0.0,uuid:ab2ff120-33a5-4d82-88aa-eb1c5a7bafe7/plot[1],-80.75203031301498
uuid:ab4dab2d-4e93-4ab3-a4dc-974fb39effac,Parcela artidoro ventura,-7.26792464,282.100463867187,uuid:ab4dab2d-4e93-4ab3-a4dc-974fb39effac/plot[1],-76.46602685
uuid:ab81e5b5-b23e-4aea-a2de-f16c9e722a43,Carpintero,-6.660113897788599,0.0,uuid:ab81e5b5-b23e-4aea-a2de-f16c9e722a43/plot[1],-79.82605062425137
uuid:abbc5001-73d3-467d-af96-8782f377fc5c,Cuarto cuerpo,-4.85329,48.0,uuid:abbc5001-73d3-467d-af96-8782f377fc5c/plot[1],-80.74289999999999
uuid:abed0aa9-895f-4037-bf40-942d95d7085c,1,-5.386834046258733,0.0,uuid:abed0aa9-895f-4037-bf40-942d95d7085c/plot[1],-78.78340791910887
uuid:ad2fdff4-2b2f-4818-b364-6d585b4dad43,El Huabo - La 6°,-4.8622016666666665,47.1,uuid:ad2fdff4-2b2f-4818-b364-6d585b4dad43/plot[1],-80.72717666666668
uuid:ad82b9b9-52c0-43ab-8431-23fecda443ba,Santa Grimaneza,-4.874853503998474,0.0,uuid:ad82b9b9-52c0-43ab-8431-23fecda443ba/plot[1],-80.88293317705393
uuid:ad9ddc80-cb3e-42ad-8dd5-11314ae80989,1,-5.801197877239266,0.0,uuid:ad9ddc80-cb3e-42ad-8dd5-11314ae80989/plot[1],-78.28361984342338
uuid:ae78d719-ba7c-48ad-976e-c6385dae0c97,Huerta,-6.642641031555432,0.0,uuid:ae78d719-ba7c-48ad-976e-c6385dae0c97/plot[1],-79.80881474912167
uuid:af0cefe6-3fe1-4b36-a090-612709842012,Soltin,-6.653949445088194,0.0,uuid:af0cefe6-3fe1-4b36-a090-612709842012/plot[1],-79.81159351766111
uuid:b01ed957-9924-4635-bfe4-2e49645e9bfd,El baño la 6°,-4.859626666666667,46.7,uuid:b01ed957-9924-4635-bfe4-2e49645e9bfd/plot[1],-80.734975
uuid:b0469519-003b-4742-be8d-0be5f3589e69,Venturosa Las 20,-4.854692480004358,0.0,uuid:b0469519-003b-4742-be8d-0be5f3589e69/plot[1],-80.87311193346977
uuid:b0974977-a028-405d-8a02-edf915a409da,San Alfredo,-4.878192458669931,0.0,uuid:b0974977-a028-405d-8a02-edf915a409da/plot[1],-80.84451656788589
uuid:b0c2c260-21d0-4e58-b36f-a18a8bf4da04,Parcela Fermín Jiménez,-6.96410582,267.474365234375,uuid:b0c2c260-21d0-4e58-b36f-a18a8bf4da04/plot[1],-76.51533471
uuid:b0c43d90-e456-4ef8-abca-9459799217c1,1,-5.570051560400837,740.747493621685,uuid:b0c43d90-e456-4ef8-abca-9459799217c1/plot[1],-78.83398603188365
uuid:b21c14dd-95ed-4fd9-ad7a-6b5f059e4985,San Francisco,-4.855822315072436,0.0,uuid:b21c14dd-95ed-4fd9-ad7a-6b5f059e4985/plot[1],-80.83596870303155
uuid:b3a83535-26c7-4986-8b7f-4c0c215d6cce,Parcela Adán Rodríguez,-7.23432554,279.687072753906,uuid:b3a83535-26c7-4986-8b7f-4c0c215d6cce/plot[1],-76.48417135
uuid:b3ed10ca-379a-46b6-a592-730dffb3ae57,1,-5.407299239537528,573.419733701081,uuid:b3ed10ca-379a-46b6-a592-730dffb3ae57/plot[1],-78.81343877726184
uuid:b5066e97-30f5-4383-9478-8b705c621704,Sifón 2,-4.84329,50.8,uuid:b5066e97-30f5-4383-9478-8b705c621704/plot[1],-80.79863
uuid:b5436263-665d-4082-820e-3d83863f1e5e,1,-5.752786659655738,611.286397540501,uuid:b5436263-665d-4082-820e-3d83863f1e5e/plot[1],-78.55042732232499
uuid:b589af09-c49c-46cd-8a7f-5ded45990735,Parcela Julián tenazoa,-6.79960184,283.532836914062,uuid:b589af09-c49c-46cd-8a7f-5ded45990735/plot[1],-76.58754404
uuid:b5c00a9f-38cb-4822-bf62-d60b3d520f74,1,-5.5751833172049565,781.567925228366,uuid:b5c00a9f-38cb-4822-bf62-d60b3d520f74/plot[1],-78.81659854952335
uuid:b5cbbbf3-389b-468d-ae40-e5240beb6d53,La 90-2,-4.846943333333333,41.1,uuid:b5cbbbf3-389b-468d-ae40-e5240beb6d53/plot[1],-80.80189666666666
uuid:b5dc603b-5372-4cdd-8dbb-ee8f631c372d,Parcela Hilario alberca,-6.94784122,275.075012207031,uuid:b5dc603b-5372-4cdd-8dbb-ee8f631c372d/plot[1],-76.52823712
uuid:b60de87b-c2c2-493d-9669-c58f66e82947,Parcela salastino cardenas,-6.89180246,265.942687988281,uuid:b60de87b-c2c2-493d-9669-c58f66e82947/plot[1],-76.57060994
uuid:b6661846-5fe3-49b4-95d6-fb27221bf57a,Soltin,-6.64803235023843,0.0,uuid:b6661846-5fe3-49b4-95d6-fb27221bf57a/plot[1],-79.8161194100976
uuid:b66d8c61-18e3-4025-a405-bb2269db44ab,1,-5.653766940559353,572.933048298462,uuid:b66d8c61-18e3-4025-a405-bb2269db44ab/plot[1],-78.7502578882503
uuid:b69a1a2a-126b-447b-8683-d40815f103ff,Las 14,-4.856216666666667,55.7,uuid:b69a1a2a-126b-447b-8683-d40815f103ff/plot[1],-80.72706333333333
uuid:b69d4e4b-3178-40f7-a7a2-216d6ba1d755,1,-5.6401231118439465,0.0,uuid:b69d4e4b-3178-40f7-a7a2-216d6ba1d755/plot[1],-78.64791747182608
uuid:b6ab5be1-c073-42b7-840b-c511cfb790b7,1,-5.784589728207293,0.0,uuid:b6ab5be1-c073-42b7-840b-c511cfb790b7/plot[1],-78.32143731415272
uuid:b6bb2009-f76e-4a54-b1eb-48be819c9f7f,1,-5.5664265167405205,0.0,uuid:b6bb2009-f76e-4a54-b1eb-48be819c9f7f/plot[1],-78.81058238446712
uuid:b6cbc116-19bd-4629-ac28-e627d445ba6d,Carbin llanta,-6.752362262846333,0.0,uuid:b6cbc116-19bd-4629-ac28-e627d445ba6d/plot[1],-79.88373823463917
uuid:b6cbf0ea-d9a0-4d42-8f39-97b46c7cd4f7,1,-5.384428058180942,792.244925423795,uuid:b6cbf0ea-d9a0-4d42-8f39-97b46c7cd4f7/plot[1],-78.8265232716378
uuid:b6e10c03-6f1a-4beb-a78b-093429ed133c,1,-5.5786756586967154,766.419363508362,uuid:b6e10c03-6f1a-4beb-a78b-093429ed133c/plot[1],-78.79792040993193
uuid:b7a78c5b-eedd-488f-a212-4792ffe333d9,1,-5.584252238544836,0.0,uuid:b7a78c5b-eedd-488f-a212-4792ffe333d9/plot[1],-78.8105284050107
uuid:b818744c-ce09-425d-8b07-fad5ed7ec9be,Las 70 segundo cuerpo,-4.847353333333333,49.9,uuid:b818744c-ce09-425d-8b07-fad5ed7ec9be/plot[1],-80.735065
uuid:b8f2af91-0211-4e7e-86db-3fe9d981cc00,Limonal,-4.732082198256237,0.0,uuid:b8f2af91-0211-4e7e-86db-3fe9d981cc00/plot[1],-80.53889259696007
uuid:ba2f1585-59ae-48c6-be84-30abf8267460,Huerta,-6.661990758617276,0.0,uuid:ba2f1585-59ae-48c6-be84-30abf8267460/plot[1],-79.84201546758413
uuid:bbcb29d4-c864-43e1-9aea-52cf313a2583,Parcela Martin acosta,-7.17023065,263.190734863281,uuid:bbcb29d4-c864-43e1-9aea-52cf313a2583/plot[1],-76.49437665
uuid:bece451c-f802-43de-9dc0-1fc81eb6b5c3,Parcela Romel santamaria,-7.18762227,265.454956054687,uuid:bece451c-f802-43de-9dc0-1fc81eb6b5c3/plot[1],-76.49736137
uuid:bf297c3e-e998-4287-8c6f-fe57ddbe66c0,1,-5.583887854446776,0.0,uuid:bf297c3e-e998-4287-8c6f-fe57ddbe66c0/plot[1],-78.7896192446351
uuid:c0bf0945-0f53-4e11-89bc-d903d4453921,Santa Grimaneza,-4.869674834322492,0.0,uuid:c0bf0945-0f53-4e11-89bc-d903d4453921/plot[1],-80.88479563593864
uuid:c1449f8f-c12d-413e-af6c-ae308e431316,Parcela ludger sinarahua,-6.94420076,253.274108886718,uuid:c1449f8f-c12d-413e-af6c-ae308e431316/plot[1],-76.25516762
uuid:c275e4f8-bb06-46ed-9164-7f13279dea05,San Miguel,-4.867885,29.0,uuid:c275e4f8-bb06-46ed-9164-7f13279dea05/plot[1],-80.864705
uuid:c2ad9250-336e-489c-aaae-bb17213da0c0,Parcela Aníbal salinas,-6.82873558,279.729370117187,uuid:c2ad9250-336e-489c-aaae-bb17213da0c0/plot[1],-76.55711668
uuid:c39d2d46-3509-47b8-92bf-598bfad75fab,1,-5.643833005780575,423.779953018944,uuid:c39d2d46-3509-47b8-92bf-598bfad75fab/plot[1],-78.65063691728845
uuid:c3d39099-4b33-46fe-aa07-d3a6b81f0559,La Bodega - Vista Florida,-4.873421666666667,40.1,uuid:c3d39099-4b33-46fe-aa07-d3a6b81f0559/plot[1],-80.74562333333333
uuid:c4743c3f-c6a1-475f-bcec-f75de7588921,Las 35,-4.849825013979096,0.0,uuid:c4743c3f-c6a1-475f-bcec-f75de7588921/plot[1],-80.79943098127842
uuid:c51c7344-2c03-4892-ada2-af4148875df3,Fundo achaca,-7.15163885,278.029174804687,uuid:c51c7344-2c03-4892-ada2-af4148875df3/plot[1],-76.65897904
uuid:c573e69a-1707-47ba-a2a4-63a6a4781d9d,1,-5.776282509209345,677.849008304803,uuid:c573e69a-1707-47ba-a2a4-63a6a4781d9d/plot[1],-78.56194591119255
uuid:c63b9f88-f446-4da0-90f4-df64116120d4,Parcela Juan Tejada,-7.20255713,273.238891601562,uuid:c63b9f88-f446-4da0-90f4-df64116120d4/plot[1],-76.49932502
uuid:c6b352f2-ac9a-4a9d-b5fb-767923dfb23e,Primavera,-4.845700000000001,42.1,uuid:c6b352f2-ac9a-4a9d-b5fb-767923dfb23e/plot[1],-80.82478166666667
uuid:c6f6f980-8be8-4b27-9b65-64647206c896,Rosario,-6.756226804108788,0.0,uuid:c6f6f980-8be8-4b27-9b65-64647206c896/plot[1],-79.88958779722452
uuid:c76f9cfb-4231-485f-8077-97db43648349,Parcela Felipe sangama navarro,-6.88658085,273.390625,uuid:c76f9cfb-4231-485f-8077-97db43648349/plot[1],-76.56980754
uuid:c88d14ef-93c4-4716-9750-0c8fb592bf47,Parcela Jackson estrella,-7.2418408,279.417602539062,uuid:c88d14ef-93c4-4716-9750-0c8fb592bf47/plot[1],-76.47195287
uuid:c8b50f95-f874-441e-9989-cbe7d43efd3c,Parcela julio Pérez,-7.21617969,259.797912597656,uuid:c8b50f95-f874-441e-9989-cbe7d43efd3c/plot[1],-76.4869893
uuid:c8dcc20a-9149-40a9-a306-8a88fe3092b3,Las Seis Cuadras,-4.861384603814304,0.0,uuid:c8dcc20a-9149-40a9-a306-8a88fe3092b3/plot[1],-80.8095358684659
uuid:c961336e-a358-41db-ad50-a42d5de56f45,El Baño la 6°,-4.860056666666667,47.4,uuid:c961336e-a358-41db-ad50-a42d5de56f45/plot[1],-80.73714
uuid:c9c928cb-015c-4d92-bdbe-dae86d6d8587,El Huabo,-4.859821666666666,48.4,uuid:c9c928cb-015c-4d92-bdbe-dae86d6d8587/plot[1],-80.73103666666665
uuid:ca6db6fd-bc26-4070-8483-5c30c9ec577a,Surqueria,-4.84277,40.2,uuid:ca6db6fd-bc26-4070-8483-5c30c9ec577a/plot[1],-80.79771000000001
uuid:ca8406c5-6366-447a-be5d-7a462f8d7318,San Jorge,-4.732905000000001,77.9,uuid:ca8406c5-6366-447a-be5d-7a462f8d7318/plot[1],-80.52755499999999
uuid:caa7f3db-d5e0-494f-9ee4-2091436f9920,Punto F,-6.76529189053262,0.0,uuid:caa7f3db-d5e0-494f-9ee4-2091436f9920/plot[1],-79.88439470529556
uuid:cb09a154-9abb-48c5-a7c5-92807184fc4a,San Francisco,-4.852279464000672,0.0,uuid:cb09a154-9abb-48c5-a7c5-92807184fc4a/plot[1],-80.83317954093218
uuid:cb0a49f0-febe-46d6-ad3e-e7af5751aeba,Fundo José palacios,-7.05784371,245.456665039062,uuid:cb0a49f0-febe-46d6-ad3e-e7af5751aeba/plot[1],-76.47008033
uuid:cb1af811-510f-4699-8349-fd0dc34f74cd,Parcela Rafael valles,-6.88125405,266.877563476562,uuid:cb1af811-510f-4699-8349-fd0dc34f74cd/plot[1],-76.56284534
uuid:cb7824ba-2b39-4681-9076-6cf1482f91ab,Parcela Fabio,-6.82200459,288.057250976562,uuid:cb7824ba-2b39-4681-9076-6cf1482f91ab/plot[1],-76.56383463
uuid:cbd6a579-9ee9-4070-97fe-75019ec7e57b,Parcela Fabio Mendoza,-6.96602859,260.525024414062,uuid:cbd6a579-9ee9-4070-97fe-75019ec7e57b/plot[1],-76.51192246
uuid:cd7e2471-c158-4c88-aba2-28b2c4207e39,Parcela Hector cabos,-6.96546234,263.6298828125,uuid:cd7e2471-c158-4c88-aba2-28b2c4207e39/plot[1],-76.50064858
uuid:ce34d9d8-8681-45c3-832f-2d94073a2b45,1,-5.685521777964677,421.112995286275,uuid:ce34d9d8-8681-45c3-832f-2d94073a2b45/plot[1],-78.51540123832234
uuid:ce864f08-3070-43e7-aba9-3161c9e2dbc4,Parcela Carlos rios,-6.94758246,255.189697265625,uuid:ce864f08-3070-43e7-aba9-3161c9e2dbc4/plot[1],-76.25609607
uuid:cefed1c5-2140-4dbb-b92c-6e7c07a9c023,San Francisco,-4.851076794627348,0.0,uuid:cefed1c5-2140-4dbb-b92c-6e7c07a9c023/plot[1],-80.83388663828373
uuid:cf20801a-d0d6-416e-82e8-1b54dfac26b3,Nogales,-6.777077214000586,0.0,uuid:cf20801a-d0d6-416e-82e8-1b54dfac26b3/plot[1],-79.89379718899727
uuid:cf4f79e9-4cdd-4795-a03c-8d2c978b6b65,Las 17,-4.860781941233608,0.0,uuid:cf4f79e9-4cdd-4795-a03c-8d2c978b6b65/plot[1],-80.80966997891665
uuid:cfef5470-485d-42f7-aff7-aa3510bbc56e,Parcela Mercedes Garcia,-6.96853168,255.176635742187,uuid:cfef5470-485d-42f7-aff7-aa3510bbc56e/plot[1],-76.51334585
uuid:cff6e813-bec7-49eb-bee6-5196628024bd,Surqueria,-4.842233333333333,41.4,uuid:cff6e813-bec7-49eb-bee6-5196628024bd/plot[1],-80.796315
uuid:d014772c-9386-497e-9c81-f51f78335bb2,fundo Edulfo Jimenez,-6.9723732,260.881286621093,uuid:d014772c-9386-497e-9c81-f51f78335bb2/plot[1],-76.47996058
uuid:d06a66d0-3365-401a-bab0-565f2cac32d0,Fundo yanela,-7.02560397,255.054565429687,uuid:d06a66d0-3365-401a-bab0-565f2cac32d0/plot[1],-76.51843473
uuid:d0b4284a-156a-4261-80b5-8432a3fa8c61,Santa Grimaneza,-4.872544454302376,0.0,uuid:d0b4284a-156a-4261-80b5-8432a3fa8c61/plot[1],-80.88308773934841
uuid:d2267273-78b4-403e-adf0-cff25aaddee6,1,-5.473903311094434,0.0,uuid:d2267273-78b4-403e-adf0-cff25aaddee6/plot[1],-78.80883257836103
uuid:d227908f-818e-494d-a847-9ae7230f2c3b,San Agustin,-4.865865470048897,0.0,uuid:d227908f-818e-494d-a847-9ae7230f2c3b/plot[1],-80.88541489094496
uuid:d3f2dacd-332d-45b7-a466-9e32a178a1e8,1,-5.706933929037501,0.0,uuid:d3f2dacd-332d-45b7-a466-9e32a178a1e8/plot[1],-78.78797370940445
uuid:d41fb1bc-5289-4f65-9c0d-e1f5695ff2c3,1,-5.650239971948171,439.34188476997,uuid:d41fb1bc-5289-4f65-9c0d-e1f5695ff2c3/plot[1],-78.65406681585856
uuid:d4f03527-9dd1-4436-87ce-89e1e5f9b011,Sifon 2 (chico),-4.841265,49.3,uuid:d4f03527-9dd1-4436-87ce-89e1e5f9b011/plot[1],-80.80962333333333
uuid:d56a393e-293b-42ee-b5cf-b0970b20b6a0,Parcela Mera marcos,-6.98826127,241.6357421875,uuid:d56a393e-293b-42ee-b5cf-b0970b20b6a0/plot[1],-76.44922565
uuid:d6996f28-eb20-43f1-a052-185c76ed0838,Fundo gamonal,-7.10294,256.924438476562,uuid:d6996f28-eb20-43f1-a052-185c76ed0838/plot[1],-76.48970451
uuid:d69a59ab-ce97-4fcc-a202-3db9eda2b0d7,Parcela Jorge delgado,-6.96465898,254.998779296875,uuid:d69a59ab-ce97-4fcc-a202-3db9eda2b0d7/plot[1],-76.26086083
uuid:d69cd914-9945-4e45-9857-9fb47f8827c3,1,-5.638301906199951,430.437941366587,uuid:d69cd914-9945-4e45-9857-9fb47f8827c3/plot[1],-78.6521225727279
uuid:d6a3d39f-474d-40bc-be5a-1c543bddb215,Parcela agustin Goicoechea,-6.96416895,258.343444824218,uuid:d6a3d39f-474d-40bc-be5a-1c543bddb215/plot[1],-76.50567631
uuid:d6abb8a6-7598-4fa6-a15e-a6a4411b28fa,1,-5.581295114900848,0.0,uuid:d6abb8a6-7598-4fa6-a15e-a6a4411b28fa/plot[1],-78.79955481737852
uuid:d775256f-6072-498f-855e-9b904255b797,1,-5.659767599905995,0.0,uuid:d775256f-6072-498f-855e-9b904255b797/plot[1],-78.68627272546291
uuid:d85434b6-ac3a-42fa-baff-1d7a9a324487,Llencala,-6.528480077351124,0.0,uuid:d85434b6-ac3a-42fa-baff-1d7a9a324487/plot[1],-79.98880807310343
uuid:d88084d2-8a34-4844-a8ad-445ffee9bc07,1,-5.575620408910207,745.486413343359,uuid:d88084d2-8a34-4844-a8ad-445ffee9bc07/plot[1],-78.81711424548817
uuid:d882fe58-d95b-4c96-8bbc-c6b213bfc30f,Las Siete cuadras,-4.859028737933915,0.0,uuid:d882fe58-d95b-4c96-8bbc-c6b213bfc30f/plot[1],-80.74618946760893
uuid:d88b0d96-b486-4e11-af21-cbc4f4613d41,1,-5.817491710440814,547.254355131341,uuid:d88b0d96-b486-4e11-af21-cbc4f4613d41/plot[1],-78.30876234859245
uuid:d94f8378-0166-404e-81e4-aa06bbb03448,Punto 2,-6.518809033152181,0.0,uuid:d94f8378-0166-404e-81e4-aa06bbb03448/plot[1],-79.8535268381238
uuid:da1bfb78-a05b-4d87-b657-eee188094e55,1,-5.675117806468017,442.889418891315,uuid:da1bfb78-a05b-4d87-b657-eee188094e55/plot[1],-78.67882246420548
uuid:da3ae1fe-a272-43e3-a7fd-0928952d66bf,Parcela Richar chilon,-7.06533226,266.330200195312,uuid:da3ae1fe-a272-43e3-a7fd-0928952d66bf/plot[1],-76.58366213
uuid:da71a873-b36a-4105-bf74-0d980cc757dc,1,-5.337643637168043,0.0,uuid:da71a873-b36a-4105-bf74-0d980cc757dc/plot[1],-78.81756886839867
uuid:dbc16839-2eb9-42c5-bb13-8c5096d402c0,Las 70,-4.845074440210553,0.0,uuid:dbc16839-2eb9-42c5-bb13-8c5096d402c0/plot[1],-80.73006704449654
uuid:dd2ea827-ea7b-49dc-82be-09aa4a238281,Lote1,-5.65842102052634,0.0,uuid:dd2ea827-ea7b-49dc-82be-09aa4a238281/plot[1],-78.70772503316402
uuid:dedf1b8e-4f8a-42fa-8cb0-1134b3fce71c,Chilope,-6.728519089360913,0.0,uuid:dedf1b8e-4f8a-42fa-8cb0-1134b3fce71c/plot[1],-79.84719783067705
uuid:dee18834-69bf-485a-bb59-31f44a01273a,1,-5.6826623051735545,0.0,uuid:dee18834-69bf-485a-bb59-31f44a01273a/plot[1],-78.6819127947092
uuid:df35ef41-c484-41fd-878b-0d77c606f373,Carpa,-6.6642579010142535,0.0,uuid:df35ef41-c484-41fd-878b-0d77c606f373/plot[1],-79.86333902925254
uuid:dfb1dfdf-f88a-461c-954a-f7254e3d8fca,1,-5.732033854890082,0.0,uuid:dfb1dfdf-f88a-461c-954a-f7254e3d8fca/plot[1],-78.46891790628433
uuid:e06dbdeb-7ce5-4a90-9036-4fb956ad3a48,Maran,-4.751553333333334,85.2,uuid:e06dbdeb-7ce5-4a90-9036-4fb956ad3a48/plot[1],-80.53783666666666
uuid:e1493aac-3e7c-462b-b586-df9a7957bfba,Parcela Castillo elmer,-7.22226518,272.15966796875,uuid:e1493aac-3e7c-462b-b586-df9a7957bfba/plot[1],-76.48360116
uuid:e1e505f7-9f6e-421e-8bd3-e46b1754cc66,1,-5.689042580071808,0.0,uuid:e1e505f7-9f6e-421e-8bd3-e46b1754cc66/plot[1],-78.79271518439054
uuid:e21245d9-9116-4105-80d2-be6d6cef71fb,1,-5.561285253830911,0.0,uuid:e21245d9-9116-4105-80d2-be6d6cef71fb/plot[1],-78.82425025105476
uuid:e2dd389e-3b4d-4f0e-a947-bbb0e47d3d9d,Parcela santa cruz,-6.98494155,229.436889648437,uuid:e2dd389e-3b4d-4f0e-a947-bbb0e47d3d9d/plot[1],-76.45236523
uuid:e31663d0-4ad9-4a1f-85e4-40d77fa5c9ec,1,-5.578703031265853,0.0,uuid:e31663d0-4ad9-4a1f-85e4-40d77fa5c9ec/plot[1],-78.82053807377815
uuid:e329f1fd-830f-47a8-836b-db7de6d3769e,Chilope,-6.7374401894552784,0.0,uuid:e329f1fd-830f-47a8-836b-db7de6d3769e/plot[1],-79.84220758080482
uuid:e36dd890-eb51-4369-8ab9-a30e5e66b2e2,Santa Grimaneza,-4.871151666666666,25.3,uuid:e36dd890-eb51-4369-8ab9-a30e5e66b2e2/plot[1],-80.88680666666667
uuid:e44ff2e5-5577-4e12-af36-178f54e34036,Venturosa lote 4,-4.859274948352473,0.0,uuid:e44ff2e5-5577-4e12-af36-178f54e34036/plot[1],-80.87563388049603
uuid:e539c732-aa12-485b-b4c1-1f518dcbde6e,Garcia I,-4.866639504682855,0.0,uuid:e539c732-aa12-485b-b4c1-1f518dcbde6e/plot[1],-80.83321541547775
uuid:e56f001d-7c1c-4131-a9f0-77d6c80a8add,Parcela Eugenio abad,-6.96890958,260.285034179687,uuid:e56f001d-7c1c-4131-a9f0-77d6c80a8add/plot[1],-76.26204037
uuid:e5e8a0e1-cf09-44fc-adc7-12f962a5d32d,La Noventa 1,-4.8530458305334685,0.0,uuid:e5e8a0e1-cf09-44fc-adc7-12f962a5d32d/plot[1],-80.79566817730665
uuid:e6264923-8e75-4e5a-94f2-cc40ae7834ee,Parcela Edgar cordova,-6.96850667,254.708679199218,uuid:e6264923-8e75-4e5a-94f2-cc40ae7834ee/plot[1],-76.49260767
uuid:e62da9a2-8455-4b5c-892f-d923a5bc58b5,1,-5.530258022014268,730.489628572877,uuid:e62da9a2-8455-4b5c-892f-d923a5bc58b5/plot[1],-78.82446267327873
uuid:e71d427d-792d-4cb4-8155-ab0a09f77665,Rosario,-6.723309128386431,0.0,uuid:e71d427d-792d-4cb4-8155-ab0a09f77665/plot[1],-79.84521567821503
uuid:e7956ac1-4cee-4568-a455-dfecba4a796a,Parcela Wilson guerrero del aguila,-6.89509058,269.312194824218,uuid:e7956ac1-4cee-4568-a455-dfecba4a796a/plot[1],-76.57080995
uuid:e81132ce-68f5-44a2-8f82-d04ecb1e4103,Parcela Eugenio perez,-6.89679539,268.645446777343,uuid:e81132ce-68f5-44a2-8f82-d04ecb1e4103/plot[1],-76.57135212
uuid:e81c5e31-5a36-44d5-b794-03b32e3382a2,El Cuadro,-4.868121666666667,33.9,uuid:e81c5e31-5a36-44d5-b794-03b32e3382a2/plot[1],-80.749
uuid:e91af73a-bcae-4783-8e5f-14c551d219b7,La Noventa 1,-4.851466326108988,0.0,uuid:e91af73a-bcae-4783-8e5f-14c551d219b7/plot[1],-80.79337488859892
uuid:ea765f20-8ef1-4c89-a83c-211ac97e3f8b,Parcela Gamonal cesar,-7.14380286,275.290649414062,uuid:ea765f20-8ef1-4c89-a83c-211ac97e3f8b/plot[1],-76.65474887
uuid:eb69fd18-7d4a-4a8e-b834-f00dc02e9d5e,Sialupe,-6.669157463632807,0.0,uuid:eb69fd18-7d4a-4a8e-b834-f00dc02e9d5e/plot[1],-79.85101226717234
uuid:eb855644-02d6-48b3-942e-b33624f8b02f,El Horno,-4.847658333333333,43.3,uuid:eb855644-02d6-48b3-942e-b33624f8b02f/plot[1],-80.79011833333334
uuid:ec414f8f-f96e-4262-8aaa-60e22029abbf,Los algarrobos,-6.7729418294479995,0.0,uuid:ec414f8f-f96e-4262-8aaa-60e22029abbf/plot[1],-79.8884217068553
uuid:ec5a8ae0-3f2d-4981-85e7-c4506fadc0ac,Papelillo,-6.658533079877805,0.0,uuid:ec5a8ae0-3f2d-4981-85e7-c4506fadc0ac/plot[1],-79.82005219906569
uuid:ee0eee34-4840-45c1-8f1a-2c793c4a1e5c,Algarrobo,-6.504461847278224,0.0,uuid:ee0eee34-4840-45c1-8f1a-2c793c4a1e5c/plot[1],-79.83781311661005
uuid:f0004766-b4dd-4b57-9d2b-67b91a42b4fa,1,-5.658090843700242,481.454175272758,uuid:f0004766-b4dd-4b57-9d2b-67b91a42b4fa/plot[1],-78.70975132736436
uuid:f01fe0da-bc83-4666-9b1a-6a87fea434f7,Parcela pascual teran,-6.95377022,271.043701171875,uuid:f01fe0da-bc83-4666-9b1a-6a87fea434f7/plot[1],-76.52366237
uuid:f0d4e20b-364d-4f52-ab5e-21557a9fda75,Carpa - huamantanga,-6.683862184360631,0.0,uuid:f0d4e20b-364d-4f52-ab5e-21557a9fda75/plot[1],-79.86477836966515
uuid:f1a0a25d-aaa9-4efc-9e5d-f728985bff52,Santa Angela,-4.731859999584148,0.0,uuid:f1a0a25d-aaa9-4efc-9e5d-f728985bff52/plot[1],-80.53237181156872
uuid:f204fdcb-b675-40cd-83a7-f75d349187f3,sector 25 - la segunda Mallares,-4.865151666666667,48.7,uuid:f204fdcb-b675-40cd-83a7-f75d349187f3/plot[1],-80.75071
uuid:f34816f4-ddf3-4dea-9dba-a04324227860,Punto 6,-6.77987085078131,0.0,uuid:f34816f4-ddf3-4dea-9dba-a04324227860/plot[1],-79.89398192614317
uuid:f361fd8e-2337-4ed2-8b6a-0af01a929c53,1,-5.794906251500268,0.0,uuid:f361fd8e-2337-4ed2-8b6a-0af01a929c53/plot[1],-78.23540277779104
uuid:f36cb605-d5c1-4380-a4a3-811cfcfb07c2,El Baño la 6°,-4.859565,54.2,uuid:f36cb605-d5c1-4380-a4a3-811cfcfb07c2/plot[1],-80.73129166666666
uuid:f37e1554-49d9-49a9-a821-6050c1d89adb,Arenal,-6.467953459437551,0.0,uuid:f37e1554-49d9-49a9-a821-6050c1d89adb/plot[1],-79.86923586577177
uuid:f47a1f20-624d-4a8b-9c92-ba96db65e2c1,T- 317-5 Maran,-4.761100730617971,0.0,uuid:f47a1f20-624d-4a8b-9c92-ba96db65e2c1/plot[1],-80.54593071341515
uuid:f548d418-c395-4eef-8c5b-08e0a9720f51,Santa Teresa,-4.860711452393221,0.0,uuid:f548d418-c395-4eef-8c5b-08e0a9720f51/plot[1],-80.89960511773826
uuid:f592092f-c092-4566-acd1-f559f1641433,Cuchilla de Talara,-4.83984,43.8,uuid:f592092f-c092-4566-acd1-f559f1641433/plot[1],-80.81145333333333
uuid:f63d0e4e-2292-4210-80e2-5133daa21b13,San Miguel,-4.868008333333333,34.1,uuid:f63d0e4e-2292-4210-80e2-5133daa21b13/plot[1],-80.86631666666668
uuid:f677616a-2c85-45e1-a76e-f6492d34cc8c,San German,-6.635996130853136,0.0,uuid:f677616a-2c85-45e1-a76e-f6492d34cc8c/plot[1],-79.85842823982237
uuid:f6abe046-8f06-4ec7-a751-b6261dbfe26d,1,-5.74717274411252,580.561672699941,uuid:f6abe046-8f06-4ec7-a751-b6261dbfe26d/plot[1],-78.54537625274068
uuid:f6fc294a-3f45-435e-ae72-da3308d656bd,San Rolando,-4.842934332565963,0.0,uuid:f6fc294a-3f45-435e-ae72-da3308d656bd/plot[1],-80.82317423075438
uuid:f7e9fd98-c461-4648-93a7-3f5a07f6cef5,Parcela segundo chamba,-6.97120132,262.313781738281,uuid:f7e9fd98-c461-4648-93a7-3f5a07f6cef5/plot[1],-76.48762475
uuid:f8b64f26-d958-4783-ac66-ad1ff0b14e35,1,-5.580630410714982,0.0,uuid:f8b64f26-d958-4783-ac66-ad1ff0b14e35/plot[1],-78.7832821905613
uuid:f8c9f8d3-a5d3-4fd5-9ab1-cffb8286bac3,Parcela Ramiro González,-6.86214713,280.337036132812,uuid:f8c9f8d3-a5d3-4fd5-9ab1-cffb8286bac3/plot[1],-76.55689312
uuid:f9400fc3-63c5-4ced-a8fc-16a2a7a4c1f5,Parcela Eric Ruiz,-7.23524479,284.096984863281,uuid:f9400fc3-63c5-4ced-a8fc-16a2a7a4c1f5/plot[1],-76.48425267
uuid:f978b480-0e5a-4352-9561-3330306fb5d7,Venturosa,-4.86446605860442,0.0,uuid:f978b480-0e5a-4352-9561-3330306fb5d7/plot[1],-80.88369525969028
uuid:f9cbe521-e35a-4234-a91c-926ad0d9241a,Parcela Harrison Alvarado,-6.877652,276.867004394531,uuid:f9cbe521-e35a-4234-a91c-926ad0d9241a/plot[1],-76.55310724
uuid:fa9f1746-96f9-4ff6-bcfa-6efa9cdbf3b6,Parcela Miguel garcia,-6.9322952,264.544311523437,uuid:fa9f1746-96f9-4ff6-bcfa-6efa9cdbf3b6/plot[1],-76.54243685
uuid:fb0a4f54-996f-486c-bc7e-a725fc4a547e,San Ignacio,-4.884646164996084,0.0,uuid:fb0a4f54-996f-486c-bc7e-a725fc4a547e/plot[1],-80.87936785072088
uuid:fbabb579-6a96-488c-a647-ebadf9c22c29,Santa Grimaneza,-4.870072038563393,0.0,uuid:fbabb579-6a96-488c-a647-ebadf9c22c29/plot[1],-80.88650722056627
uuid:fbe59aec-2865-41b4-a14b-62b0c53d6677,El algarrobo,-6.476749000588822,0.0,uuid:fbe59aec-2865-41b4-a14b-62b0c53d6677/plot[1],-79.8643421754241
uuid:fcc73a86-93ff-4208-b1d4-0266d1ec2a64,Parcela Teófilo huanca,-6.79082815,284.814697265625,uuid:fcc73a86-93ff-4208-b1d4-0266d1ec2a64/plot[1],-76.6004294
uuid:fd140c06-9140-4558-9110-85727acb3779,1,-5.553796975753644,706.211225605832,uuid:fd140c06-9140-4558-9110-85727acb3779/plot[1],-78.82384252903353
uuid:fddab733-ecfb-44d5-b68b-534a6a9ee9ac,1,-5.653947858838656,0.0,uuid:fddab733-ecfb-44d5-b68b-534a6a9ee9ac/plot[1],-78.70372887700798
uuid:fe7cd394-418d-4b82-adb9-ddf5b3a9857d,1,-5.5818974189968,0.0,uuid:fe7cd394-418d-4b82-adb9-ddf5b3a9857d/plot[1],-78.7985198199749
uuid:fef59b5e-138a-48df-8128-6b0bec53eef4,Parcela Kevin rivera,-7.2460698,276.960205078125,uuid:fef59b5e-138a-48df-8128-6b0bec53eef4/plot[1],-76.46975784
uuid:ff07b818-f25f-48a6-a052-a026e6f2edcf,Fundo vilchez,-6.619793960040778,0.0,uuid:ff07b818-f25f-48a6-a052-a026e6f2edcf/plot[1],-79.80878625065088
uuid:ff3b1fa5-57e3-4349-be38-1ea625370e32,1,-5.656990693553825,0.0,uuid:ff3b1fa5-57e3-4349-be38-1ea625370e32/plot[1],-78.6865459755063
