technical,ext_id,plot,form
44201197,aeps-27290669-La congona,uuid:02a9b9aa-9bc3-45dd-98c2-4b084d03656b/plot[1],6
44201197,aeps-40686446-Nva esperanza,uuid:8dc230e8-b331-4af7-ad42-c4ceddf26b40/plot[1],6
44528081,aeps-16439569-Morerilla baja,uuid:9b9b347f-ed42-4bfa-9639-b5ae70f27126/plot[1],6
44528081,aeps-16711440-Jaguay,uuid:028f98fb-398b-4ff8-a4b5-f5b5f7e5dfab/plot[1],6
44528081,aeps-16731295-Castillo,uuid:d41fb1bc-5289-4f65-9c0d-e1f5695ff2c3/plot[1],6
44528081,aeps-26639838-El coco,uuid:675044c6-a7be-415a-8f48-f357f60700be/plot[1],6
44528081,aeps-26941182-Las pampas,uuid:a95f5b4e-8a59-4cc5-a461-00fb3f8293f2/plot[1],6
44528081,aeps-27283599-Michino,uuid:e31663d0-4ad9-4a1f-85e4-40d77fa5c9ec/plot[1],6
44528081,aeps-27289691-La Esperanza,uuid:b6e10c03-6f1a-4beb-a78b-093429ed133c/plot[1],6
44528081,aeps-27424402-La sanora,uuid:7e02e7b8-5a56-49e8-8481-e6f00a57a17a/plot[1],6
44528081,aeps-27430414-Lola,uuid:871de976-f2cf-464f-b0ab-4e27dc47d424/plot[1],6
44528081,aeps-27440125-Delgados,uuid:63fa2950-6aa7-4343-b712-9bba32003d54/plot[1],6
44528081,aeps-27662454-Los patos,uuid:20bd30ca-7fc0-42f8-9c46-39811a77be0c/plot[1],6
44528081,aeps-27664410-La vega,uuid:7f869f1a-9c4c-4251-beb8-9666a338075c/plot[1],6
44528081,aeps-27665729-Esperanza 1,uuid:9f0f2840-10d5-4702-8b49-54a844ed0cdb/plot[1],6
44528081,aeps-27670049-Pancho,uuid:6cc26284-c204-435c-9a89-7834d7860b18/plot[1],6
44528081,aeps-27671266-La esperanza,uuid:e21245d9-9116-4105-80d2-be6d6cef71fb/plot[1],6
44528081,aeps-27671977-El progreso,uuid:d88084d2-8a34-4844-a8ad-445ffee9bc07/plot[1],6
44528081,aeps-27672045-El faique,uuid:bf297c3e-e998-4287-8c6f-fe57ddbe66c0/plot[1],6
44528081,aeps-27673981-El Choloque,uuid:2d0f82ed-ec9b-46a3-801f-351435347127/plot[1],6
44528081,aeps-27674159-El frutal,uuid:a0f1281d-59da-41e0-bde6-7040a418e592/plot[1],6
44528081,aeps-27674180-Sedaflor,uuid:d6abb8a6-7598-4fa6-a15e-a6a4411b28fa/plot[1],6
44528081,aeps-27680284-La fortaleza-regulo,uuid:f0004766-b4dd-4b57-9d2b-67b91a42b4fa/plot[1],6
44528081,aeps-27680478-San Isidro,uuid:6e1180d9-f93b-4aff-b241-ec5bf350884e/plot[1],6
44528081,aeps-27680722-Paguillas,uuid:ff3b1fa5-57e3-4349-be38-1ea625370e32/plot[1],6
44528081,aeps-27680823-Gotitas del manatial,uuid:3cc9e30e-c29e-4118-979b-47cbe9a260fc/plot[1],6
44528081,aeps-27681591-San Isidro,uuid:165eb3f5-02f3-434c-a39c-ff47846e8d32/plot[1],6
44528081,aeps-27681737-Bellavista viejo,uuid:0fd9cde8-fc60-4249-80a2-9ab02d2f9aa4/plot[1],6
44528081,aeps-27681854-La Naranja,uuid:7c81cc9e-6236-4322-bc9e-a3901e40dea1/plot[1],6
44528081,aeps-27681867-Morales,uuid:281847ba-dcee-40c3-b08a-98d8733ce02b/plot[1],6
44528081,aeps-27682003-El  algarrobo,uuid:d775256f-6072-498f-855e-9b904255b797/plot[1],6
44528081,aeps-27682066-Yaye,uuid:da1bfb78-a05b-4d87-b657-eee188094e55/plot[1],6
44528081,aeps-27682168-Santa Barbara,uuid:5ed3566b-2ec7-4d81-ac6b-dbabea0c8cbc/plot[1],6
44528081,aeps-27682277-Bella Villa,uuid:6eacc244-9e2e-4e43-acc2-e8905790306b/plot[1],6
44528081,aeps-27683098-Sixto,uuid:41588690-1761-48d0-a224-90c96712dc96/plot[1],6
44528081,aeps-27689716-La palmera,uuid:2ae5cfa3-1ba9-4814-9b72-b85865d62683/plot[1],6
44528081,aeps-27702389-Agencia agraria,uuid:279e4a36-31a9-4d90-8dc3-9bb683e49649/plot[1],6
44528081,aeps-27702470-Santa Ana El Pedal,uuid:714418fb-af13-46a8-bdce-394563b5aa1d/plot[1],6
44528081,aeps-27702516-El limon,uuid:d2267273-78b4-403e-adf0-cff25aaddee6/plot[1],6
44528081,aeps-27709008-El potro,uuid:dfb1dfdf-f88a-461c-954a-f7254e3d8fca/plot[1],6
44528081,aeps-27709533-El cerezo,uuid:06a59525-769b-425b-9e48-6d7a24c36050/plot[1],6
44528081,aeps-27711780-San Carlos,uuid:e62da9a2-8455-4b5c-892f-d923a5bc58b5/plot[1],6
44528081,aeps-27712321-Guayaquil,uuid:1b718074-4c02-4932-9358-b3b1d66ea814/plot[1],6
44528081,aeps-27712425-La granja,uuid:9bb48bc1-23c3-4342-befb-861ae14aae0a/plot[1],6
44528081,aeps-27714596-Jimenez,uuid:2b7b4988-c71c-4c99-b22c-e36cf00f1418/plot[1],6
44528081,aeps-27715816-Avalos,uuid:b6bb2009-f76e-4a54-b1eb-48be819c9f7f/plot[1],6
44528081,aeps-27716034-El limon,uuid:b0c43d90-e456-4ef8-abca-9459799217c1/plot[1],6
44528081,aeps-27717355-Parihuaman,uuid:b66d8c61-18e3-4025-a405-bb2269db44ab/plot[1],6
44528081,aeps-27718277-La Esperanza,uuid:abed0aa9-895f-4037-bf40-942d95d7085c/plot[1],6
44528081,aeps-27718560-La Esperanza,uuid:fddab733-ecfb-44d5-b68b-534a6a9ee9ac/plot[1],6
44528081,aeps-27719421-La fortuna,uuid:2576888b-a18f-4001-9f23-efd042abd2d7/plot[1],6
44528081,aeps-27722378-El algarrobo,uuid:1d83f266-ebd4-481d-b0de-e37bcb2e242c/plot[1],6
44528081,aeps-27725829-Cotrina,uuid:87c74972-a3be-4923-a17f-650f740ae3d6/plot[1],6
44528081,aeps-27727487-Elmer castro,uuid:9e5704db-9e9c-4d4b-bfa3-58a189f6a16f/plot[1],6
44528081,aeps-27727983-Tororrume,uuid:37037490-fb43-42ae-975e-b13c797bc470/plot[1],6
44528081,aeps-27730973-El mango,uuid:8af04298-1962-4b60-a787-a935b7d14123/plot[1],6
44528081,aeps-27731816-San Jose,uuid:0ba7359e-abc2-4f22-b9e2-507eee7c5067/plot[1],6
44528081,aeps-27732361-Morerilla,uuid:0a6856b1-a337-4540-b57a-6a047a557022/plot[1],6
44528081,aeps-27736390-El Zapato Herman,uuid:8ed18cdd-2202-4aa0-9c55-ee32f957b50a/plot[1],6
44528081,aeps-27737257-El triunfo,uuid:b5c00a9f-38cb-4822-bf62-d60b3d520f74/plot[1],6
44528081,aeps-27737292-La Garcia,uuid:1600d1f6-8a00-4045-b7de-85c20e6f2bd7/plot[1],6
44528081,aeps-27737673-El acerillo,uuid:6628f1a4-f58d-4747-ab7b-3fd7a83eca6b/plot[1],6
44528081,aeps-27741249-Los cocos,uuid:4c3603c8-eac1-4dc6-9a16-f66b06f4bd0e/plot[1],6
44528081,aeps-27745089-Fundo Teodomiro,uuid:0f9b9cf4-297a-4ced-a321-c8da87cb651b/plot[1],6
44528081,aeps-27748094-Pampa grande,uuid:69e90d2d-adde-4a88-9bc0-49c806786214/plot[1],6
44528081,aeps-27750972-Santa Isabel,uuid:38ebc7c2-a914-40b2-a5ec-2b9eb273303e/plot[1],6
44528081,aeps-27752992-San Andres Plazas,uuid:8dff36cb-af1d-49d9-83ef-7af4a6bf1d44/plot[1],6
44528081,aeps-27754522-Higuaguana,uuid:86dfec7d-35b0-4932-b4c3-42cf35857cc2/plot[1],6
44528081,aeps-27826887-Juan Velasco,uuid:b6cbf0ea-d9a0-4d42-8f39-97b46c7cd4f7/plot[1],6
44528081,aeps-27849503-El mango,uuid:031ea401-71d5-40ef-bff5-aadcf0da4896/plot[1],6
44528081,aeps-27995820-Laserillo San Isidro,uuid:0c6f0f6d-b2fc-4979-8b71-b8b699125ef4/plot[1],6
44528081,aeps-33561102-San Lorenzo,uuid:5ba754a0-dc0b-4f76-a872-c178bd0845b2/plot[1],6
44528081,aeps-33562441-La totora,uuid:06472ca3-a0f1-4aa8-ab03-3a3feb0af980/plot[1],6
44528081,aeps-33563399-Los huarangos,uuid:24735495-381e-4c87-8680-56e3156f4d04/plot[1],6
44528081,aeps-33568893-Santa Isabel,uuid:ce34d9d8-8681-45c3-832f-2d94073a2b45/plot[1],6
44528081,aeps-33588305-Santa Isabel,uuid:9f75c30a-f4e5-4346-9ffe-4e4054985657/plot[1],6
44528081,aeps-33591981-El algarrobo,uuid:3aa2560d-3c88-43c8-a0bb-131fa0fae381/plot[1],6
44528081,aeps-33640007-La almendra,uuid:23164971-d77f-4a6c-bb2f-4519587b0adb/plot[1],6
44528081,aeps-33641112-Sr. De los milagros Bagua,uuid:22feecb0-edb2-4fc3-afd5-1d19e8fdf589/plot[1],6
44528081,aeps-33641494-Morropon,uuid:2baaf325-6723-41d7-92ea-a8456b5edcf7/plot[1],6
44528081,aeps-33641604-El pedregal,uuid:f361fd8e-2337-4ed2-8b6a-0af01a929c53/plot[1],6
44528081,aeps-33642064-Pedregal,uuid:1ce3881b-e3da-43d2-bee0-7aec2cb4c5e4/plot[1],6
44528081,aeps-336444691-La Libertad,uuid:c573e69a-1707-47ba-a2a4-63a6a4781d9d/plot[1],6
44528081,aeps-33644856-Morropon,uuid:62344a63-dabc-40b0-84c1-a70ccba5e721/plot[1],6
44528081,aeps-33664780-La puntulla,uuid:538b89f1-74a8-43b0-92d9-f17c415276c4/plot[1],6
44528081,aeps-33665054-Fundo Politi,uuid:2c0e9e03-abcd-41a5-8149-5d99dcbae0d4/plot[1],6
44528081,aeps-33667065-Mi tesoro,uuid:55689b71-55ae-46b3-90dc-09dbef56fac6/plot[1],6
44528081,aeps-33667783-Ñunña honda,uuid:d88b0d96-b486-4e11-af21-cbc4f4613d41/plot[1],6
44528081,aeps-33669339-El sapote,uuid:a755bde1-ddfd-4a91-b7f0-dde404606c1c/plot[1],6
44528081,aeps-33671122-Canal 2,uuid:f6abe046-8f06-4ec7-a751-b6261dbfe26d/plot[1],6
44528081,aeps-33673286-Los cocos,uuid:417adc67-d64c-4577-85b8-d2e9b1c8e2d3/plot[1],6
44528081,aeps-33678193-Mi consuelo,uuid:b6ab5be1-c073-42b7-840b-c511cfb790b7/plot[1],6
44528081,aeps-40274485-Pedregal,uuid:773ff200-3501-49b2-9144-39a314ef1c7a/plot[1],6
44528081,aeps-40301109-Los cocos,uuid:b3ed10ca-379a-46b6-a592-730dffb3ae57/plot[1],6
44528081,aeps-40517025-Los cocos,uuid:8bde378f-3fa3-4411-956a-ea7316515414/plot[1],6
44528081,aeps-40641965-El limon,uuid:132bd92d-6f5b-4b85-a9a8-d6037b6e6751/plot[1],6
44528081,aeps-40693987-Alenya,uuid:2ee6a31f-86b0-434a-ae41-43394df67a9e/plot[1],6
44528081,aeps-40916101-Fundo el triunfo,uuid:e1e505f7-9f6e-421e-8bd3-e46b1754cc66/plot[1],6
44528081,aeps-40993683-Rocio,uuid:700b58b7-c4c7-45c9-bcd4-1a0c6cec925f/plot[1],6
44528081,aeps-41576091-San gabriel,uuid:dd2ea827-ea7b-49dc-82be-09aa4a238281/plot[1],6
44528081,aeps-41752104-El troncal,uuid:408d04b9-f00b-4225-aea4-593d097beee8/plot[1],6
44528081,aeps-41862645-Las pampas,uuid:10acc471-70a5-4264-baf1-bb44b7d915da/plot[1],6
44528081,aeps-41970871-SanJuan Bagua,uuid:319d0550-7951-46d6-8b80-077a5f830c61/plot[1],6
44528081,aeps-41979820-El coco,uuid:25dc2eed-3a71-44cb-ba68-83fcc7d3254a/plot[1],6
44528081,aeps-42004376-Monte grande,uuid:9545f191-ca70-4859-8a45-732a1a32a54b/plot[1],6
44528081,aeps-42022734-Aserrillo,uuid:0a877e75-7c89-4003-9c66-0f09636b9bde/plot[1],6
44528081,aeps-42195992-El Jimbo,uuid:2c611842-a805-4b22-b921-1d51c96002b3/plot[1],6
44528081,aeps-42216346-Antonio Cotrina,uuid:d69cd914-9945-4e45-9857-9fb47f8827c3/plot[1],6
44528081,aeps-42257250-La ciruela,uuid:c39d2d46-3509-47b8-92bf-598bfad75fab/plot[1],6
44528081,aeps-42455222-El limon,uuid:b69d4e4b-3178-40f7-a7a2-216d6ba1d755/plot[1],6
44528081,aeps-42488204-La papaya,uuid:4187aac6-4944-4e6c-a9ee-99f6c4f52c6c/plot[1],6
44528081,aeps-42537473-Acosta,uuid:d3f2dacd-332d-45b7-a466-9e32a178a1e8/plot[1],6
44528081,aeps-42587073-Teofilo,uuid:190aea29-a308-462b-b6a5-b82b74da53df/plot[1],6
44528081,aeps-42591711-Angel Gomes,uuid:43c1f8f7-7c1d-4e50-9e99-aff98ab9a99f/plot[1],6
44528081,aeps-42856525-Santa catalina,uuid:b7a78c5b-eedd-488f-a212-4792ffe333d9/plot[1],6
44528081,aeps-42983067-San Juanito,uuid:74524ac0-f1f2-4791-a6c1-b1106944f119/plot[1],6
44528081,aeps-42987053-San Nicolas,uuid:75c4595d-fa74-4d1a-b6bb-a613d27c62a4/plot[1],6
44528081,aeps-43111256-Tocaquillo,uuid:2d5926ff-bf35-4bb7-a2ba-f739bde25f67/plot[1],6
44528081,aeps-43187344-Los Seivos,uuid:9a5975c9-1dd4-4900-be93-411fa28d1d6d/plot[1],6
44528081,aeps-43211525-San Vernardo 1,uuid:44cb988d-cc25-4953-bab0-b0124bc50f14/plot[1],6
44528081,aeps-43246379-Flor del arroz,uuid:da71a873-b36a-4105-bf74-0d980cc757dc/plot[1],6
44528081,aeps-43350797-El recuerdo,uuid:25941f4b-4bae-4666-af65-72f11c193952/plot[1],6
44528081,aeps-43506484-Canal 1,uuid:0ad10ced-d532-4a24-b433-d4f4428def70/plot[1],6
44528081,aeps-43539007-Pez perdido,uuid:7f80346a-757d-4a9a-9d91-f2f674af201f/plot[1],6
44528081,aeps-43559796-Michino,uuid:09590471-d670-49f3-a539-e2e986382ea8/plot[1],6
44528081,aeps-44032110-Yanuyacu,uuid:12fdc871-2572-40f4-93ff-1683a3490284/plot[1],6
44528081,aeps-44201370-Limoncito,uuid:414bae6a-834f-4854-9d76-b7e517f08398/plot[1],6
44528081,aeps-44528081-El proyecto,uuid:94b40656-fcc3-4c67-8881-078fab34e777/plot[1],6
44528081,aeps-45882271-El pajuro,uuid:37e89601-4548-4577-919b-bc6fdb2ff06a/plot[1],6
44528081,aeps-46367655-Canal 2,uuid:1a8220c8-259d-4ee1-88bf-1c77d98ff983/plot[1],6
44528081,aeps-46720368-El Higueron,uuid:9342d136-45b0-4189-a70e-ec2d55929cc1/plot[1],6
44528081,aeps-46722196-El mango,uuid:8d5cec42-baaa-4d06-a22a-eb50e5d1a025/plot[1],6
44528081,aeps-46788270-San pedro,uuid:973f0c77-0ae5-4d43-a96f-7fc1d79cc9d7/plot[1],6
44528081,aeps-47080297-Mailo,uuid:51fdaeae-9500-4e8b-ae75-6a9a7ec0f9c4/plot[1],6
44528081,aeps-47191258-El sauce,uuid:fd140c06-9140-4558-9110-85727acb3779/plot[1],6
44528081,aeps-47842030-El tesoro,uuid:fe7cd394-418d-4b82-adb9-ddf5b3a9857d/plot[1],6
44528081,aeps-47938232-El mirador,uuid:7b4555af-fe3d-4807-9f30-d0dacfec5288/plot[1],6
44528081,aeps-48010272-Morropon,uuid:b5436263-665d-4082-820e-3d83863f1e5e/plot[1],6
44528081,aeps-48107827-La Lima,uuid:9eb58f9b-bae1-4bed-a86b-d9ba0e78ba5e/plot[1],6
44528081,aeps-48643782-Quiroz,uuid:3fdf7a69-7245-4c46-90db-522573e91206/plot[1],6
44528081,aeps-70043707-Chanango,uuid:a865e241-7b36-497a-8b49-610f050e73dd/plot[1],6
44528081,aeps-70081513-Santa Maria,uuid:ad9ddc80-cb3e-42ad-8dd5-11314ae80989/plot[1],6
44528081,aeps-71195125-El albarrobo,uuid:a24a6347-7f78-4010-aa50-41f19248f1f4/plot[1],6
44528081,aeps-76071924-Meshe Vera,uuid:dee18834-69bf-485a-bb59-31f44a01273a/plot[1],6
44528081,aeps-77094312-Algarrobal,uuid:f8b64f26-d958-4783-ac66-ad1ff0b14e35/plot[1],6
44528081,aeps-77094312-Solano,uuid:7cd8a697-5000-468c-ad20-4956f30ec03d/plot[1],6
44528081,aeps-80293593-El mango San pedro La papaya,uuid:9bb50d37-2bb0-4b42-8aff-f19a3b756d81/plot[1],6
47185871,aeps-00253162-El algarrobo,uuid:fbe59aec-2865-41b4-a14b-62b0c53d6677/plot[1],6
47185871,aeps-00253862-Algarrobo,uuid:ee0eee34-4840-45c1-8f1a-2c793c4a1e5c/plot[1],6
47185871,aeps-02820111-Rosario,uuid:e71d427d-792d-4cb4-8155-ab0a09f77665/plot[1],6
47185871,aeps-06326262-Punto F,uuid:caa7f3db-d5e0-494f-9ee4-2091436f9920/plot[1],6
47185871,aeps-06714664-Chanduvi,uuid:837a1654-89e7-431f-80b5-7da77d4234ec/plot[1],6
47185871,aeps-06811781-Nogales,uuid:cf20801a-d0d6-416e-82e8-1b54dfac26b3/plot[1],6
47185871,aeps-08864242-Fangueadores,uuid:7446542e-482f-4802-b5c7-39c43a592498/plot[1],6
47185871,aeps-09181616-Punto 5,uuid:4a5bcc73-3df5-41bd-86ad-cd87dd467a3c/plot[1],6
47185871,aeps-10393959-Puente A,uuid:9340077c-02c5-4969-8aa0-2dce3e0b897d/plot[1],6
47185871,aeps-10429954-Boro II,uuid:6bac5b7f-68d8-4522-9e5e-dcbac565599e/plot[1],6
47185871,aeps-16465784-Carbin llanta,uuid:b6cbc116-19bd-4629-ac28-e627d445ba6d/plot[1],6
47185871,aeps-16487655-Arenal,uuid:f37e1554-49d9-49a9-a821-6050c1d89adb/plot[1],6
47185871,aeps-16521990-Chilope,uuid:dedf1b8e-4f8a-42fa-8cb0-1134b3fce71c/plot[1],6
47185871,aeps-16567662-Corpa,uuid:007dea57-7aeb-4e14-9a05-ccaa87e27f9e/plot[1],6
47185871,aeps-16567662-Corpa,uuid:93b9851c-7eb0-4c0b-aa98-28a5b9601453/plot[1],6
47185871,aeps-16568187-Horcon 1,uuid:16503618-e7eb-4d1f-8283-27dda5cebdd6/plot[1],6
47185871,aeps-16570664-Cartagena,uuid:0bb23256-5e58-471d-8d51-3c5bd1181315/plot[1],6
47185871,aeps-16571019-Faicalito,uuid:5479b233-083f-42d7-a45f-86e2bdc36a46/plot[1],6
47185871,aeps-16571524-Jarrin,uuid:39807cc3-6af8-4187-a2db-fa2fac461019/plot[1],6
47185871,aeps-16577490-San german,uuid:f677616a-2c85-45e1-a76e-f6492d34cc8c/plot[1],6
47185871,aeps-16582386-Capote,uuid:2a38542a-9d4d-4e36-ac77-5f0a210c6c42/plot[1],6
47185871,aeps-16640007-Batangrande,uuid:22c57c74-60e5-40d3-be4f-d7c0d3de9ae5/plot[1],6
47185871,aeps-17401238-Carrizo,uuid:909482bb-e25a-46bf-a0a6-e935d455a2f7/plot[1],6
47185871,aeps-17408185-Pitipo,uuid:2161880c-6992-44ff-8f3b-9c565aab8c6f/plot[1],6
47185871,aeps-17408712-Fala,uuid:6b03dd2f-df72-4824-a67b-6aeb47c23deb/plot[1],6
47185871,aeps-17413221-Soltin,uuid:152acc87-fbb6-4fa7-a833-cec52eadbf99/plot[1],6
47185871,aeps-17427249-Huerta,uuid:ba2f1585-59ae-48c6-be84-30abf8267460/plot[1],6
47185871,aeps-17428810-Papelillo,uuid:263d4576-fb15-496b-a07e-97fdbe023398/plot[1],6
47185871,aeps-17429256-Soltin,uuid:af0cefe6-3fe1-4b36-a090-612709842012/plot[1],6
47185871,aeps-17436737-Punto 2,uuid:d94f8378-0166-404e-81e4-aa06bbb03448/plot[1],6
47185871,aeps-17445817-Huamantanga,uuid:8361dff4-6a45-4719-9713-951614a0f4a7/plot[1],6
47185871,aeps-17446221-Carpintero,uuid:ab81e5b5-b23e-4aea-a2de-f16c9e722a43/plot[1],6
47185871,aeps-17446477-Fundo vilchez,uuid:ff07b818-f25f-48a6-a052-a026e6f2edcf/plot[1],6
47185871,aeps-17447281-Guanabal,uuid:5e5704cd-0179-43a2-8d03-c8198ea8d8f7/plot[1],6
47185871,aeps-17448091-Soltin,uuid:b6661846-5fe3-49b4-95d6-fb27221bf57a/plot[1],6
47185871,aeps-17451840-Rosario,uuid:0a5ae3c9-b0fa-42ae-bf23-c789d0778d87/plot[1],6
47185871,aeps-17520643-Carpa - huamantanga,uuid:2dc59721-550b-4c94-8f6b-bcf82147576b/plot[1],6
47185871,aeps-17520812-Sialupe,uuid:eb69fd18-7d4a-4a8e-b834-f00dc02e9d5e/plot[1],6
47185871,aeps-17521885-Pantaleon,uuid:2247a8c7-1995-45fb-a9e2-9f52bc644716/plot[1],6
47185871,aeps-17525758-Carpa - huamantanga,uuid:a7d84472-216b-4c37-b4e0-14d2ffe20818/plot[1],6
47185871,aeps-17526442-Damian,uuid:0e54cd6e-d535-4c01-b050-87589cdb4eda/plot[1],6
47185871,aeps-17530044-Sialupe,uuid:0e2032c9-ad74-44b0-8f11-3debd2671c6f/plot[1],6
47185871,aeps-17530497-San jose,uuid:0fec4d1c-3914-45e5-b8ed-e5d241a30bac/plot[1],6
47185871,aeps-17531427-Carpa - huamantanga,uuid:985e9abd-32ee-4520-922d-5ed4bc8c436a/plot[1],6
47185871,aeps-17542194-Llencala,uuid:3e6c9560-11cc-45e1-a7c8-0cc07be2184c/plot[1],6
47185871,aeps-17542194-Sialupe,uuid:10d2ff0d-63ab-4719-b72d-4daa33f21e16/plot[1],6
47185871,aeps-17543397-Llencala,uuid:8594cfa1-6c09-4f08-8e1c-402474c2ff93/plot[1],6
47185871,aeps-17566610-Llencala,uuid:a0e07b44-e2cf-4c85-b53d-6efb5b04d686/plot[1],6
47185871,aeps-17566610-Llencala,uuid:d85434b6-ac3a-42fa-baff-1d7a9a324487/plot[1],6
47185871,aeps-17566817-Sialupe,uuid:2285f1b3-e4cf-4344-bb8c-a420a381f280/plot[1],6
47185871,aeps-17568512-Quenosa,uuid:1e7e562e-38c5-450b-91fe-25c424869f55/plot[1],6
47185871,aeps-17639594-Carpa-huamantanga,uuid:9baf8223-e48f-4229-80f8-722dbc580d3d/plot[1],6
47185871,aeps-17640805-Carpa - huamantanga,uuid:028fbcaa-7f3a-4735-baf8-de0dded6c4a2/plot[1],6
47185871,aeps-18189534-Punto 6,uuid:567037e0-4b7d-4c20-9bb2-0cc7a1d75412/plot[1],6
47185871,aeps-27264082-Chilape,uuid:580eb69f-abc3-42e6-954c-723474e271d6/plot[1],6
47185871,aeps-27384074-Chilope,uuid:e329f1fd-830f-47a8-836b-db7de6d3769e/plot[1],6
47185871,aeps-28224852-Boro II,uuid:7455cddb-77b2-4f12-82af-b83a7ab85bd0/plot[1],6
47185871,aeps-32989137-Fangueadores,uuid:78ac245d-969c-4b07-b456-857d33b12d0e/plot[1],6
47185871,aeps-40347647-Algarrobo,uuid:0d43420a-9e9b-44f6-a89b-1dda3cb1780b/plot[1],6
47185871,aeps-40407237-Horcon,uuid:11c67174-7e5a-4a9c-9b8e-af1e5119f582/plot[1],6
47185871,aeps-40407237-Horcon II,uuid:26b0d067-dd72-448d-81ab-5568f331c4a8/plot[1],6
47185871,aeps-40418748-Huerta,uuid:5d7ae05c-b407-4277-a5c4-8555123404dc/plot[1],6
47185871,aeps-40443072-Los barrantes,uuid:364474a3-87b2-40e5-a333-db9ff67782cf/plot[1],6
47185871,aeps-40681390-Carpa - huamantanga,uuid:62f28104-1036-4a98-8155-0b9c01786367/plot[1],6
47185871,aeps-40736888-Huerta,uuid:ae78d719-ba7c-48ad-976e-c6385dae0c97/plot[1],6
47185871,aeps-40926500-Carpa huamantanga,uuid:4fbc27ab-d5a6-4fb5-9d23-d40389d8fdb4/plot[1],6
47185871,aeps-41226261-Carpa-huamantanga,uuid:894ad98e-a54f-4eb6-b2b2-d769c93ec683/plot[1],6
47185871,aeps-41437098-Nogales,uuid:611607c8-9c56-448e-a2c5-ec05ec49f78d/plot[1],6
47185871,aeps-41787309-Carpa - huamantanga,uuid:139dac02-13f3-4a33-98fc-39d2dd5ef207/plot[1],6
47185871,aeps-41823093-Fangueadores,uuid:9aefbfc9-42b2-4d9e-8645-ffa2a267c4cd/plot[1],6
47185871,aeps-42029834-Papelillo,uuid:ec5a8ae0-3f2d-4981-85e7-c4506fadc0ac/plot[1],6
47185871,aeps-42213997-El algarrobo,uuid:ec414f8f-f96e-4262-8aaa-60e22029abbf/plot[1],6
47185871,aeps-42780393-El algarrobo,uuid:59092a7a-13d8-4e9b-a096-5ee48f0266e4/plot[1],6
47185871,aeps-42825828-Boro II,uuid:6040d825-0847-416b-85ef-7f7aac3bd72b/plot[1],6
47185871,aeps-42877603-Boro II,uuid:aa3620dd-1a64-415a-a4ce-78fbc40c8b16/plot[1],6
47185871,aeps-43078076-Carpa - huamantanga,uuid:f0d4e20b-364d-4f52-ab5e-21557a9fda75/plot[1],6
47185871,aeps-43078076-Carpa-huamantanga,uuid:7a9f05f6-7087-47fb-933d-f046ac51466f/plot[1],6
47185871,aeps-43307478-El algarrobo,uuid:a87ff12e-4670-4d5f-8950-0ade4e54f49d/plot[1],6
47185871,aeps-43340990-Chanduvi,uuid:0c258b5a-2b30-43db-ba96-36e88625f78e/plot[1],6
47185871,aeps-44362174-Carpa - Huamantanga,uuid:994f8512-83ad-46f2-bec9-98562d50f89b/plot[1],6
47185871,aeps-45067695-Boro II,uuid:58f428fa-be46-4f45-9c3e-e243e8cd3733/plot[1],6
47185871,aeps-45211824-Sialupe,uuid:0c301354-bd3a-412a-b638-cdac82f55cd8/plot[1],6
47185871,aeps-45376949-Rosario,uuid:c6f6f980-8be8-4b27-9b65-64647206c896/plot[1],6
47185871,aeps-45381660-Punto 2,uuid:2258bdd9-c2be-45f2-baa0-9de6a1235789/plot[1],6
47185871,aeps-45804052-Arenal,uuid:2259ddd8-39c0-460a-a837-790943710808/plot[1],6
47185871,aeps-45827291-Sanchez,uuid:8a917a80-b3bc-45eb-b592-e98b12624f94/plot[1],6
47185871,aeps-45850317-Huamantanga,uuid:8bfa78a1-a5d7-4c71-8215-a40cf5052d2a/plot[1],6
47185871,aeps-45940223-Carpa - huamantanga,uuid:df35ef41-c484-41fd-878b-0d77c606f373/plot[1],6
47185871,aeps-46296982-Punto 6,uuid:f34816f4-ddf3-4dea-9dba-a04324227860/plot[1],6
47185871,aeps-46315203-Piedra parada,uuid:9a133c67-06d1-4467-a4aa-289d5bced2b2/plot[1],6
47185871,aeps-46483163-Punto 6,uuid:96a31482-e220-4d16-ba87-665d16862d9d/plot[1],6
47185871,aeps-46821663-Punto 6,uuid:3e6216b0-80b9-40d5-ac7e-f58a2b60c061/plot[1],6
47185871,aeps-71681034-Arenal,uuid:a765554c-aa22-45e3-a5cf-0bf18f65f863/plot[1],6
47185871,aeps-72925857-Fala,uuid:3068f70e-8c99-4cab-b4ba-2c7160fc1996/plot[1],6
47185871,aeps-73489905-Tronco,uuid:62d53bfd-6d07-4c88-985c-5c44f5b18b8b/plot[1],6
47185871,aeps-77500212-Puente A,uuid:9fb7d3e9-3172-44bc-b341-2f72f45dc1ee/plot[1],6
47185871,aeps-80310410-Sialupe,uuid:002c9344-a524-43aa-8571-a1a6f527345f/plot[1],6
70618262,aeps-03474534-Mallaritos,uuid:b01ed957-9924-4635-bfe4-2e49645e9bfd/plot[1],6
70618262,aeps-03491590-Mallares,uuid:3553895c-5d0f-4254-ae0a-0a133444c4cc/plot[1],6
70618262,aeps-03496546-Las Golondrinas,uuid:c4743c3f-c6a1-475f-bcec-f75de7588921/plot[1],6
70618262,aeps-03496579-Las Golondrinas,uuid:5b47feb3-bba3-451a-a2a1-c2c14857171f/plot[1],6
70618262,aeps-03561616-Maran,uuid:f47a1f20-624d-4a8b-9c92-ba96db65e2c1/plot[1],6
70618262,aeps-03562146-Somate Bajo,uuid:8fb0e888-4c64-41df-9b8e-e2a4a3efd8eb/plot[1],6
70618262,aeps-03566519-Las Golondrinas,uuid:4007b7d2-f695-4da6-a893-9e3b36aa2b6f/plot[1],6
70618262,aeps-03567901-Somate Bajo,uuid:02fc48ca-a9f1-41fa-9e99-1bf561504027/plot[1],6
70618262,aeps-03567912-Somate Bajo,uuid:98c2c870-c144-4f63-809f-e0e34b0d038f/plot[1],6
70618262,aeps-03567920-Somate Bajo,uuid:5be4d6b9-a7a5-45e8-9c0f-6f10ab156f36/plot[1],6
70618262,aeps-03570001-Somate Bajo,uuid:46831ef3-dafb-43d7-a2bc-31745a99ff0f/plot[1],6
70618262,aeps-03570026-Somate Bajo,uuid:5af335dc-2a70-453a-b034-b773e1aa3cf1/plot[1],6
70618262,aeps-03570094-Somate Bajo,uuid:85d1183a-148c-4967-a6e2-55d0deb05e6d/plot[1],6
70618262,aeps-03570128-San Jorge,uuid:6fa6a5fa-e61e-462e-b358-1cbb443b3330/plot[1],6
70618262,aeps-03572453-Somate Bajo,uuid:b8f2af91-0211-4e7e-86db-3fe9d981cc00/plot[1],6
70618262,aeps-03572456-Somate Bajo,uuid:5584d49d-239a-4fb1-8124-fb2215e50b75/plot[1],6
70618262,aeps-03602130-Somate Bajo,uuid:ca8406c5-6366-447a-be5d-7a462f8d7318/plot[1],6
70618262,aeps-03603503-Somate Bajo,uuid:2288f9ce-3712-4264-af7d-bbaea98dc571/plot[1],6
70618262,aeps-03605610-Somate Bajo,uuid:9d98ad1f-f09d-4d3e-b08a-9f0bd3f69b50/plot[1],6
70618262,aeps-03607727-Somate Bajo,uuid:a0c821a7-51e9-4f48-a2aa-40e06ec98c03/plot[1],6
70618262,aeps-03614169-Ignacio Escudero,uuid:c0bf0945-0f53-4e11-89bc-d903d4453921/plot[1],6
70618262,aeps-03614272-Ignacio Escudero,uuid:f978b480-0e5a-4352-9561-3330306fb5d7/plot[1],6
70618262,aeps-03614408-Ventarrones,uuid:094f81c0-1554-41b4-8421-d52212b2ea92/plot[1],6
70618262,aeps-03614413-Ventarrones,uuid:cefed1c5-2140-4dbb-b92c-6e7c07a9c023/plot[1],6
70618262,aeps-03614479-Ignacio Escudero,uuid:2c495995-e8a1-4e71-8c81-db99a64ce82d/plot[1],6
70618262,aeps-03615169-Santa Sofia,uuid:b0974977-a028-405d-8a02-edf915a409da/plot[1],6
70618262,aeps-03615908-Ignacio Escudero,uuid:452bfd2c-225a-4c47-883e-6fccfee18c83/plot[1],6
70618262,aeps-03616350-Ventarrones,uuid:84615f6d-1ac8-4e16-af34-05834119cf6e/plot[1],6
70618262,aeps-03616351-Ventarrones,uuid:7b743e81-e0ba-4b8d-9173-b617c1736aa8/plot[1],6
70618262,aeps-03616354-Ventarrones,uuid:245e0e01-86df-4161-8dac-742ce772ca39/plot[1],6
70618262,aeps-03616362-Ventarrones,uuid:f6fc294a-3f45-435e-ae72-da3308d656bd/plot[1],6
70618262,aeps-03616459-Ignacio Escudero,uuid:d0b4284a-156a-4261-80b5-8432a3fa8c61/plot[1],6
70618262,aeps-03616615-Ventarrones,uuid:442e3135-2506-48cb-8ef0-c75a532c428c/plot[1],6
70618262,aeps-03616634-Ignacio Escudero,uuid:62396ac4-082c-4dfa-a65c-10ca6cd998c2/plot[1],6
70618262,aeps-03616761-Santa Sofia,uuid:e539c732-aa12-485b-b4c1-1f518dcbde6e/plot[1],6
70618262,aeps-03617495-Ventarrones,uuid:8d7e2fc2-eafd-4342-8aca-0871b84a6a58/plot[1],6
70618262,aeps-03617979-Ignacio Escudero,uuid:9c802629-9e64-466c-a2e1-d2878d826e23/plot[1],6
70618262,aeps-03620630-Golondrinas,uuid:eb855644-02d6-48b3-942e-b33624f8b02f/plot[1],6
70618262,aeps-03622031-Mallares,uuid:0600346b-7d5d-44ef-b4b4-fe44c5b9d113/plot[1],6
70618262,aeps-03622073-La Quinta,uuid:4b2958aa-b2c4-49d7-b03e-cef409f7969b/plot[1],6
70618262,aeps-03622077-Mallaritos,uuid:ad2fdff4-2b2f-4818-b364-6d585b4dad43/plot[1],6
70618262,aeps-03622271-Mallares,uuid:f204fdcb-b675-40cd-83a7-f75d349187f3/plot[1],6
70618262,aeps-03622409-Mallares,uuid:700d1eb9-042b-411a-a19a-4e9e46f490f1/plot[1],6
70618262,aeps-03622673-La Quinta,uuid:abbc5001-73d3-467d-af96-8782f377fc5c/plot[1],6
70618262,aeps-03622867-La Quinta,uuid:9aa8c396-b660-4a46-b25d-ba61ad020c5e/plot[1],6
70618262,aeps-03622928-La Quinta,uuid:46aa2d6a-25b7-42e3-94ed-a0fda9ff57ee/plot[1],6
70618262,aeps-03622977-Mallares,uuid:3a8bf70e-55ea-4aa8-ad40-6d1325974322/plot[1],6
70618262,aeps-03623329-Mallares,uuid:aa77aadc-d85a-41ea-85e6-5dcb13bbaa52/plot[1],6
70618262,aeps-03623433-Mallares,uuid:ab2ff120-33a5-4d82-88aa-eb1c5a7bafe7/plot[1],6
70618262,aeps-03623958-Golondrinas,uuid:cff6e813-bec7-49eb-bee6-5196628024bd/plot[1],6
70618262,aeps-03624130-Mallares,uuid:8c9643b3-c741-44b9-8088-da62c26fa9b4/plot[1],6
70618262,aeps-03624260-Las Golondrinas,uuid:b5cbbbf3-389b-468d-ae40-e5240beb6d53/plot[1],6
70618262,aeps-03624287-Golondrinas,uuid:ca6db6fd-bc26-4070-8483-5c30c9ec577a/plot[1],6
70618262,aeps-03624368-Golondrinas,uuid:418864b2-064b-456d-bbf5-721fe2f3f564/plot[1],6
70618262,aeps-03624508-Mallaritos,uuid:f36cb605-d5c1-4380-a4a3-811cfcfb07c2/plot[1],6
70618262,aeps-03624523-Las Golondrinas,uuid:c8dcc20a-9149-40a9-a306-8a88fe3092b3/plot[1],6
70618262,aeps-03624579-La Quinta,uuid:0df90422-a53b-4e15-b342-7cb638fe349f/plot[1],6
70618262,aeps-03624656-Las Golondrinas,uuid:a84e9e56-7b05-4db1-b950-cbde9ec1cdcb/plot[1],6
70618262,aeps-03624664-Las Golondrinas,uuid:89982fdb-ba25-4c69-83cf-d5b000fd5c07/plot[1],6
70618262,aeps-03624801-La Quinta,uuid:6498f5f1-832d-445f-9693-16a710957663/plot[1],6
70618262,aeps-03624997-Mallaritos,uuid:6d3eaaf2-4927-451d-a3ab-6f2a23493072/plot[1],6
70618262,aeps-03625211-La Quinta,uuid:7acadb43-3596-44b0-bf33-0b17cc8580e1/plot[1],6
70618262,aeps-03625413-Mallaritos,uuid:85c9a988-c85d-446f-a244-0daf290a7a6f/plot[1],6
70618262,aeps-03625434-La Quinta,uuid:b69a1a2a-126b-447b-8683-d40815f103ff/plot[1],6
70618262,aeps-03625605-La Quinta,uuid:7289626d-cece-48ce-96cc-47a0cf91f255/plot[1],6
70618262,aeps-03625852-Mallares,uuid:0d3546fc-7fa1-4457-8720-862fc459c926/plot[1],6
70618262,aeps-03626011-Las Golondrinas,uuid:f592092f-c092-4566-acd1-f559f1641433/plot[1],6
70618262,aeps-03626069-Mallares,uuid:09b0fd6f-8bdd-4dc3-89c8-c4b86c0628fb/plot[1],6
70618262,aeps-03626138-La Bomba (6° N°1),uuid:816fbb74-2fe4-4c64-918f-175c351927eb/plot[1],6
70618262,aeps-03626333-La Quinta,uuid:1d7366d4-b790-4e21-83b5-d693dfd55b4d/plot[1],6
70618262,aeps-03626496-Mallaritos,uuid:a4b63b50-1216-42ff-b386-8accf9a77472/plot[1],6
70618262,aeps-03626867-Mallares,uuid:4f22a414-69b2-4ca1-aee4-9ce2343a9653/plot[1],6
70618262,aeps-03626878-Mallaritos,uuid:a203917f-ecb9-4ef3-bfbf-b1aea06066d5/plot[1],6
70618262,aeps-03626949-Mallaritos,uuid:c961336e-a358-41db-ad50-a42d5de56f45/plot[1],6
70618262,aeps-03627074-Las Golondrinas,uuid:4b692413-858e-4abc-9ff7-61009f7fbedd/plot[1],6
70618262,aeps-03627084-Las Golondrinas,uuid:65c34033-42f4-4e7a-88ae-67e4638499a0/plot[1],6
70618262,aeps-03627101-Las Golondrinas,uuid:767e48af-d6f5-4ff7-bd39-927b48e81942/plot[1],6
70618262,aeps-03627481-Las Golondrinas,uuid:868e4171-af9d-4acc-aa43-4bd0badced62/plot[1],6
70618262,aeps-03627538-Mallares,uuid:5c445f60-3081-4a83-88a8-c797c6ac7f30/plot[1],6
70618262,aeps-03637323-Somate Bajo,uuid:302636f6-c44c-4ebd-9d45-3eff2d7e15cd/plot[1],6
70618262,aeps-03640015-Ignacio Escudero,uuid:f548d418-c395-4eef-8c5b-08e0a9720f51/plot[1],6
70618262,aeps-03640328-Ignacio Escudero,uuid:ad82b9b9-52c0-43ab-8431-23fecda443ba/plot[1],6
70618262,aeps-03640385-Ventarrones,uuid:1fcb48cf-743d-41f5-af1f-6826ce52b270/plot[1],6
70618262,aeps-03640449-Ignacio Escudero,uuid:069ea326-1201-4735-af58-f534a51ed48e/plot[1],6
70618262,aeps-03640721-Ventarrones,uuid:2514e32b-57e9-4dc2-8e7e-a40a09e8df3f/plot[1],6
70618262,aeps-03643779-Somate Bajo,uuid:618634fc-fba7-455a-adc0-81fbf034676f/plot[1],6
70618262,aeps-03644831-Ventarrones,uuid:77cf5bd7-e792-4e59-9993-271468a34021/plot[1],6
70618262,aeps-03644862-Ignacio Escudero,uuid:c275e4f8-bb06-46ed-9164-7f13279dea05/plot[1],6
70618262,aeps-03645394-Ventarrones,uuid:6f8481c8-5418-4610-995d-bd04616ea30e/plot[1],6
70618262,aeps-03649591-Somate Bajo,uuid:01243713-5a94-4923-945f-0760f05d2d0d/plot[1],6
70618262,aeps-03650659-Mallaritos,uuid:c9c928cb-015c-4d92-bdbe-dae86d6d8587/plot[1],6
70618262,aeps-03650772-Mallares,uuid:d882fe58-d95b-4c96-8bbc-c6b213bfc30f/plot[1],6
70618262,aeps-03651342-Somate Bajo,uuid:411868b9-00e4-418a-a8de-d068a00cf767/plot[1],6
70618262,aeps-03651605-Santa Sofia,uuid:64dafac1-8d33-43fb-9409-b3b038c3db4d/plot[1],6
70618262,aeps-03651673-Ignacio Escudero,uuid:393cf372-9fff-472c-b643-71c54d6b11f7/plot[1],6
70618262,aeps-03654566-Mallaritos,uuid:40e25229-62a3-4095-b2e4-9b832915ec9a/plot[1],6
70618262,aeps-03656280-Ventarrones,uuid:b21c14dd-95ed-4fd9-ad7a-6b5f059e4985/plot[1],6
70618262,aeps-03656298-Ventarrones,uuid:5dc3b1f1-af4e-49de-b1ba-90a4b67015c8/plot[1],6
70618262,aeps-03656320-Ventarrones,uuid:cb09a154-9abb-48c5-a7c5-92807184fc4a/plot[1],6
70618262,aeps-03657337-La Quinta,uuid:83d7264e-49b9-4ae9-9009-9cc8f115c3bc/plot[1],6
70618262,aeps-03659746-Ignacio Escudero,uuid:fbabb579-6a96-488c-a647-ebadf9c22c29/plot[1],6
70618262,aeps-03669957-Ventarrones,uuid:76892291-5dbc-40e0-9c2c-d2b64a835721/plot[1],6
70618262,aeps-03671726-Santa Sofia,uuid:08c73c20-b4c1-4c43-957b-7dff92092989/plot[1],6
70618262,aeps-03673674-Las Golondrinas,uuid:e91af73a-bcae-4783-8e5f-14c551d219b7/plot[1],6
70618262,aeps-03679362-Somate Bajo,uuid:193e4924-07a6-4f4a-af39-7f7f77975862/plot[1],6
70618262,aeps-03679421-Ignacio Escudero,uuid:394cb35d-1706-49e7-93f5-bc49ffd75572/plot[1],6
70618262,aeps-03679498-Ignacio Escudero,uuid:2441b107-e15e-4275-a545-265d4be897b2/plot[1],6
70618262,aeps-03680116-Mallares,uuid:aad486de-3b64-43b9-b6cf-dd8c18c495f5/plot[1],6
70618262,aeps-03686640-Ventarrones,uuid:c6b352f2-ac9a-4a9d-b5fb-767923dfb23e/plot[1],6
70618262,aeps-03686683-Santa Sofia,uuid:3a6a8915-e76c-401e-aaf1-a71e0e8c000b/plot[1],6
70618262,aeps-03686965-La Quinta,uuid:b818744c-ce09-425d-8b07-fad5ed7ec9be/plot[1],6
70618262,aeps-03688360-Santa Sofia,uuid:9954c341-7e3d-418c-b299-eddc56d807b9/plot[1],6
70618262,aeps-03690114-Somate Bajo,uuid:58375278-c90b-4351-b2b6-56600e1cdc04/plot[1],6
70618262,aeps-03690565-Ignacio Escudero,uuid:5616fc84-1e62-4221-8d40-5d835344e4a6/plot[1],6
70618262,aeps-03691431-Las Golondrinas,uuid:48b7e0c6-d4bb-443e-90d5-b417b50a857e/plot[1],6
70618262,aeps-03691952-Somate Bajo,uuid:0a59a821-87be-4512-abe9-f51edd34ee40/plot[1],6
70618262,aeps-03879821-Somate Bajo,uuid:9349debd-2b6e-45e2-8f47-e333fa50427c/plot[1],6
70618262,aeps-03880042-La Quinta,uuid:8ef12a23-72d2-41d7-8d46-92be3e082a33/plot[1],6
70618262,aeps-03880312-Ventarrones,uuid:261e9aa1-83e5-446f-978e-1ed00c5ca022/plot[1],6
70618262,aeps-27382259-Ignacio Escudero,uuid:d227908f-818e-494d-a847-9ae7230f2c3b/plot[1],6
70618262,aeps-27430282-Ignacio Escudero,uuid:e36dd890-eb51-4369-8ab9-a30e5e66b2e2/plot[1],6
70618262,aeps-30426577-Somate Bajo,uuid:f1a0a25d-aaa9-4efc-9e5d-f728985bff52/plot[1],6
70618262,aeps-33649194-Santa Angela,uuid:46b53a2d-359b-4ba9-8215-0456fe99bd8c/plot[1],6
70618262,aeps-33677122-Mallares,uuid:c3d39099-4b33-46fe-aa07-d3a6b81f0559/plot[1],6
70618262,aeps-40219299-Mallaritos,uuid:6cc3ed2f-12cc-4b68-a2a7-90ee4e20fa18/plot[1],6
70618262,aeps-40258642-Mallaritos,uuid:6586ce44-f6de-49fe-955d-2aec46f77691/plot[1],6
70618262,aeps-40268752-Las Golondrinas,uuid:e5e8a0e1-cf09-44fc-adc7-12f962a5d32d/plot[1],6
70618262,aeps-40299392-San Ignacio Escudero,uuid:4c72ea1f-bbc2-4c9e-88d2-2bb8b9c7fad1/plot[1],6
70618262,aeps-40488489-La Quinta,uuid:dbc16839-2eb9-42c5-bb13-8c5096d402c0/plot[1],6
70618262,aeps-40792805-Las Golondrinas,uuid:d4f03527-9dd1-4436-87ce-89e1e5f9b011/plot[1],6
70618262,aeps-40831168-Maran,uuid:e06dbdeb-7ce5-4a90-9036-4fb956ad3a48/plot[1],6
70618262,aeps-41099548-Santa Angela,uuid:536bddb5-e3e0-4373-9640-bfd106a3a887/plot[1],6
70618262,aeps-41302941-Ignacio Escudero,uuid:76ba77ec-e701-4611-97ef-5e06b2100a64/plot[1],6
70618262,aeps-41739467-Maran,uuid:9f6b9b67-0d04-4404-942d-8881d10b8e76/plot[1],6
70618262,aeps-41790631-Golondrinas,uuid:b5066e97-30f5-4383-9478-8b705c621704/plot[1],6
70618262,aeps-41813272-Las Golondrinas,uuid:04790ed8-1eee-49cc-b7ed-b17c77235d55/plot[1],6
70618262,aeps-42539274-Ignacio Escudero,uuid:3e483e9f-9118-48fd-aaad-73db64ab0e68/plot[1],6
70618262,aeps-43049107-Las Golondrinas,uuid:6b3fa12a-1858-4147-b737-14f47484b28f/plot[1],6
70618262,aeps-43812079-Golondrinas,uuid:3e8b3501-c95f-4e63-9ea7-f6e70fea52e3/plot[1],6
70618262,aeps-44247079-Ignacio Escudero,uuid:f63d0e4e-2292-4210-80e2-5133daa21b13/plot[1],6
70618262,aeps-44772134-Santa Angela,uuid:8ed06e33-49ef-40ce-9adf-db06d3784b6c/plot[1],6
70618262,aeps-45313558-Mallares,uuid:e81c5e31-5a36-44d5-b794-03b32e3382a2/plot[1],6
70618262,aeps-46395104-Las Golondrinas,uuid:954fb4b5-d16b-4b09-a8f1-3075975e8bd7/plot[1],6
70618262,aeps-47395718-Ignacio Escudero,uuid:e44ff2e5-5577-4e12-af36-178f54e34036/plot[1],6
70618262,aeps-76332460-Las Golondrinas,uuid:cf4f79e9-4cdd-4795-a03c-8d2c978b6b65/plot[1],6
70618262,aeps-80314555-San Ignacio,uuid:477bf067-f98b-486e-a7e3-7d6833c40a9b/plot[1],6
70618262,aeps-80332880-Ignacio Escudero,uuid:fb0a4f54-996f-486c-bc7e-a725fc4a547e/plot[1],6
70618262,aeps-80498831-Ignacio Escudero,uuid:b0469519-003b-4742-be8d-0be5f3589e69/plot[1],6
70618262,aeps-80598589-Somate Bajo,uuid:2026c89b-1b2f-4fd8-ae51-6045b0ee80ed/plot[1],6
70618262,aeps-80664520-Las Golondrinas,uuid:a5463dbb-6a68-403b-92ab-a237d00acfdf/plot[1],6
72266887,aeps-0-Fundo  Eufemio Fernández,uuid:5b1cda98-dc62-4926-8299-27126babfecc/plot[1],6
72266887,aeps-0-Fundo Altamirano,uuid:605d20a1-b1ef-43df-9e04-0b28d9ceaff6/plot[1],6
72266887,aeps-0-Fundo Cochachin,uuid:98f190d5-aac1-4514-84d0-1995d47e230d/plot[1],6
72266887,aeps-0-Fundo Salatiel,uuid:2f6471c3-f8e7-451e-bc95-5d0996f07802/plot[1],6
72266887,aeps-0-Fundo achaca,uuid:c51c7344-2c03-4892-ada2-af4148875df3/plot[1],6
72266887,aeps-0-Fundo chedi,uuid:1653e737-fe8f-45db-babb-f4905691701b/plot[1],6
72266887,aeps-0-Fundo esquen,uuid:4ee9750a-c7e7-47ec-b009-7a01d7484b7e/plot[1],6
72266887,aeps-0-Fundo fernandez,uuid:54e29e15-4109-49d2-9148-43f5e4d73b8a/plot[1],6
72266887,aeps-0-Fundo gamonal,uuid:d6996f28-eb20-43f1-a052-185c76ed0838/plot[1],6
72266887,aeps-0-Fundo huallaga,uuid:6eed79e4-a259-49c8-a40a-3480bb947162/plot[1],6
72266887,aeps-0-Fundo huanca,uuid:846e6ca4-ee83-4a36-a14d-2a9094665b1a/plot[1],6
72266887,aeps-0-Fundo ocaña,uuid:41fd09d1-1ae6-49c1-96c8-356f89eac063/plot[1],6
72266887,aeps-0-Lateral Valderrama,uuid:17edf3b5-a145-4642-aae5-6e13925c90da/plot[1],6
72266887,aeps-0-Nuevo mundo Herminio fernandez,uuid:548f3c03-250e-45c0-9941-668e568a3446/plot[1],6
72266887,aeps-0-Nuevo mundo stalyn,uuid:54e175da-8b97-4b61-8cae-1b335a7e8806/plot[1],6
72266887,aeps-0-Parcela Beto,uuid:81e73cc0-a6cd-4042-be04-2acab8578a15/plot[1],6
72266887,aeps-0-Parcela Castillo Elmer,uuid:e1493aac-3e7c-462b-b586-df9a7957bfba/plot[1],6
72266887,aeps-0-Parcela Cieza Max,uuid:22704751-d5af-42d0-8459-7383ccfe7673/plot[1],6
72266887,aeps-0-Parcela Galeno Rengifo,uuid:5e97acf7-0f9c-4248-8d14-8a0c6ee88d78/plot[1],6
72266887,aeps-0-Parcela Gamonal Cesar,uuid:ea765f20-8ef1-4c89-a83c-211ac97e3f8b/plot[1],6
72266887,aeps-0-Parcela Hernandez Pedro,uuid:017ee5fc-5e6b-46df-99d8-15e34d868fb2/plot[1],6
72266887,aeps-0-Parcela Itaniel,uuid:0c17b378-290f-43cc-aca2-99c605ab42f2/plot[1],6
72266887,aeps-0-Parcela Julio Pérez,uuid:c8b50f95-f874-441e-9989-cbe7d43efd3c/plot[1],6
72266887,aeps-0-Parcela Mera marcos,uuid:d56a393e-293b-42ee-b5cf-b0970b20b6a0/plot[1],6
72266887,aeps-0-Parcela Olivera,uuid:6cdc1e29-6d8f-4388-afb1-bf304b88e8b2/plot[1],6
72266887,aeps-0-Parcela Pedro Jimenez,uuid:59c088d6-2ac4-4816-8c30-3845b888c4d3/plot[1],6
72266887,aeps-0-Parcela Ricardo Jiménez,uuid:9f2c96d3-8be9-4ad2-9195-9493c7d6a775/plot[1],6
72266887,aeps-0-Parcela Santacruz,uuid:e2dd389e-3b4d-4f0e-a947-bbb0e47d3d9d/plot[1],6
72266887,aeps-0-Parcela Tafur Harol,uuid:888d07d0-ebb8-4aa7-bd84-29923a22659f/plot[1],6
72266887,aeps-0-Parcela aricho rafael,uuid:4d5ff36a-028e-46d5-98a0-feeef5658dc5/plot[1],6
72266887,aeps-0-Succe,uuid:9584da75-56af-4400-9e0c-3603b91140eb/plot[1],6
72266887,aeps-00-Parcela Miguel garcia,uuid:fa9f1746-96f9-4ff6-bcfa-6efa9cdbf3b6/plot[1],6
72266887,aeps-000-Parcela Alexandro pinedo,uuid:1435246d-848a-401a-8a3e-cbec4b97eaab/plot[1],6
72266887,aeps-000-Parcela Alexis mozombite,uuid:495d7a9f-5f5d-43f4-a4f3-2f0cd0be968a/plot[1],6
72266887,aeps-000-Parcela Brayan Mendoza angulo,uuid:114d81e9-7ae1-43b7-a131-05b4f7a2f3e7/plot[1],6
72266887,aeps-000-Parcela Carlos rios,uuid:ce864f08-3070-43e7-aba9-3161c9e2dbc4/plot[1],6
72266887,aeps-000-Parcela Harry muños,uuid:857eac8e-d7a7-45fe-b2d5-ee17802683fb/plot[1],6
72266887,aeps-000-Parcela Jorge delgado sanchez,uuid:d69a59ab-ce97-4fcc-a202-3db9eda2b0d7/plot[1],6
72266887,aeps-000-Parcela Jorge pinedo,uuid:5e9225d0-87f1-4449-bdbb-99b99c50242b/plot[1],6
72266887,aeps-000-Parcela Jose Fidel,uuid:4908586b-a177-43d0-aa6c-3d12399d6350/plot[1],6
72266887,aeps-000-Parcela Kevin rivera,uuid:fef59b5e-138a-48df-8128-6b0bec53eef4/plot[1],6
72266887,aeps-000-Parcela Miguel jimenez,uuid:5a453fa6-00c7-4d16-8029-eb740ee1a1bf/plot[1],6
72266887,aeps-000-Parcela Nelson jimenes,uuid:6e9dc65f-bce2-456b-b2ae-09b128e548a5/plot[1],6
72266887,aeps-000-Parcela Rubén rios,uuid:1df4a372-d9e0-490f-99c2-07eac4d21617/plot[1],6
72266887,aeps-000-Parcela Tadeo padilla,uuid:2dc3b331-1b03-4270-a927-8220b5fe87ee/plot[1],6
72266887,aeps-000-Parcela deiver mozombite,uuid:38ef3bc1-2ed3-47c0-9e33-3ca28021d688/plot[1],6
72266887,aeps-000-Parcela ludger sinarahua,uuid:c1449f8f-c12d-413e-af6c-ae308e431316/plot[1],6
72266887,aeps-000-Parcela marcial guerra,uuid:3d5ed142-7215-44a5-8dd2-06b5eb3fea3e/plot[1],6
72266887,aeps-000-Parcela mariano guerra,uuid:61f6a9b3-f6b1-4e67-8145-cca7fbe5de16/plot[1],6
72266887,aeps-000-Parcela narciso pinedo,uuid:94066aa0-7ed7-4e44-8c2a-d4e51364124c/plot[1],6
72266887,aeps-000-Parcela pedro rojas,uuid:12275bc9-9eff-4bcd-9d6f-b6855fde507d/plot[1],6
72266887,aeps-0000-Fundo Sabas Heredia,uuid:41eae9f3-2090-4ba4-9c58-ba78fa50482e/plot[1],6
72266887,aeps-0000-Fundo montenegro,uuid:a8f0f5d9-e4ff-4cbd-adef-b3e3388bfc8c/plot[1],6
72266887,aeps-0000-Parcela César zapata,uuid:28f31192-fd06-4e35-809b-a6c84f3b17e5/plot[1],6
72266887,aeps-0000-Parcela Erick Ruiz rorres,uuid:f9400fc3-63c5-4ced-a8fc-16a2a7a4c1f5/plot[1],6
72266887,aeps-0000-Parcela Eugenio abad,uuid:e56f001d-7c1c-4131-a9f0-77d6c80a8add/plot[1],6
72266887,aeps-0000-Parcela Jackson estrella,uuid:c88d14ef-93c4-4716-9750-0c8fb592bf47/plot[1],6
72266887,aeps-0000-Parcela Richar Ruiz pisco,uuid:42bab2a2-3ed2-4bba-a957-c8d3bc5cba82/plot[1],6
72266887,aeps-0000-Parcela Romel Santamaria,uuid:bece451c-f802-43de-9dc0-1fc81eb6b5c3/plot[1],6
72266887,aeps-0000-Parcela adan rodriguez,uuid:b3a83535-26c7-4986-8b7f-4c0c215d6cce/plot[1],6
72266887,aeps-0000-Parcela hubaldo Vázquez,uuid:17bc7f39-41b0-435c-99ea-99035e8e640d/plot[1],6
72266887,aeps-00000-Parcela Fabio Mendoza,uuid:cbd6a579-9ee9-4070-97fe-75019ec7e57b/plot[1],6
72266887,aeps-000000-Parcela Juanito llanos,uuid:531c4c35-1c11-4070-93fe-d67794f76199/plot[1],6
72266887,aeps-0000000-Fundo palacios,uuid:cb0a49f0-febe-46d6-ad3e-e7af5751aeba/plot[1],6
72266887,aeps-00000000-Carhuapoma Dolores Guevara,uuid:42991a47-bca0-4974-acd1-f179d12b50b0/plot[1],6
72266887,aeps-00000000-Parcela César Guevara,uuid:7f490625-9ef3-4e16-8c6f-546492e51a68/plot[1],6
72266887,aeps-00326587-Parcela Guido armas,uuid:7f3beebf-3cd6-4cd5-894f-80e9e07a2fec/plot[1],6
72266887,aeps-00480828-Parcela artidoro ventura,uuid:ab4dab2d-4e93-4ab3-a4dc-974fb39effac/plot[1],6
72266887,aeps-00567443-Parcela Fredy romero,uuid:23557c83-bff9-4ae1-bad3-4475d6907a8d/plot[1],6
72266887,aeps-00765438-Parcela Gagarin Jiménez,uuid:7e9393cf-10ad-4fc2-93b2-62134a08c094/plot[1],6
72266887,aeps-00844990-Parcela Roger vela,uuid:46a8eba3-6005-4837-a8b2-d51aa5e163e2/plot[1],6
72266887,aeps-00868319-Parcela lusmila,uuid:16065626-5241-4479-8ace-816ae44b1f1e/plot[1],6
72266887,aeps-00869074-Parcela Adán miranda,uuid:29d93083-5337-4a09-8b28-49c0b874cbda/plot[1],6
72266887,aeps-00869717-Parcela Juan Meza,uuid:22959edc-4f62-4136-b7b9-c3f2155ef3c8/plot[1],6
72266887,aeps-00871556-Parcela juan ganosa,uuid:17bfab15-027c-4a96-b7ef-a05d4125e085/plot[1],6
72266887,aeps-00872234-Parcela rogerlan rivera silva,uuid:6a3e65cd-6e8b-4bdb-a938-a4855c2be2c7/plot[1],6
72266887,aeps-00872610-Parcela Félix peña cabrera,uuid:794a66e4-a979-4977-bbc4-e68c04d69aa5/plot[1],6
72266887,aeps-00873727-Parcela Felipe sangama navarro,uuid:c76f9cfb-4231-485f-8077-97db43648349/plot[1],6
72266887,aeps-00873731-Parcela Raul campos,uuid:5cd8d739-33f9-4ea6-8950-d086512cc8cb/plot[1],6
72266887,aeps-00874265-Parcela Juan tejada,uuid:c63b9f88-f446-4da0-90f4-df64116120d4/plot[1],6
72266887,aeps-00874505-Parcela salastino cardenas,uuid:b60de87b-c2c2-493d-9669-c58f66e82947/plot[1],6
72266887,aeps-00874815-Parcela Ramiro González,uuid:f8c9f8d3-a5d3-4fd5-9ab1-cffb8286bac3/plot[1],6
72266887,aeps-00875018-Parcela Wilson guerrero del aguila,uuid:e7956ac1-4cee-4568-a455-dfecba4a796a/plot[1],6
72266887,aeps-00875458-Parcela Darwin Vasquez,uuid:0260c5d4-5ee2-4baf-9252-782b621ddd35/plot[1],6
72266887,aeps-00875577-Parcela Augusto del águila,uuid:5aa32951-12dc-45eb-9e75-7e3f884920b5/plot[1],6
72266887,aeps-00876592-Parcela Martin acosta,uuid:bbcb29d4-c864-43e1-9aea-52cf313a2583/plot[1],6
72266887,aeps-00884250-Parcela Harrison alvarado,uuid:f9cbe521-e35a-4234-a91c-926ad0d9241a/plot[1],6
72266887,aeps-00885728-Parcela Manuel sajami,uuid:9acf8e62-1ffe-4e79-b81a-a81813bf4987/plot[1],6
72266887,aeps-00885753-Parcela Marcelo macedo,uuid:9ef07fe5-1b83-47bd-9c4f-4f395815632d/plot[1],6
72266887,aeps-00886232-Parcela Eugenio Pérez,uuid:e81132ce-68f5-44a2-8f82-d04ecb1e4103/plot[1],6
72266887,aeps-00889024-Parcela pedro Rodríguez,uuid:05a80511-2b88-4ea3-a0e6-3129f5ddab2b/plot[1],6
72266887,aeps-00924009-Parcela Ezequiel ambulay,uuid:1d21ca58-c237-4a7b-8498-f72d5916caaa/plot[1],6
72266887,aeps-00981245-Parcela armando rivero,uuid:4b6884d2-2511-4d82-a4a3-af8ac77016fe/plot[1],6
72266887,aeps-01073608-Parcela Aníbal salinas,uuid:c2ad9250-336e-489c-aaae-bb17213da0c0/plot[1],6
72266887,aeps-01081464-Parcela Julián tenazoa,uuid:b589af09-c49c-46cd-8a7f-5ded45990735/plot[1],6
72266887,aeps-01102139-Parcela crisaida,uuid:a6ce8fdb-6408-4318-8b38-e261b80d4401/plot[1],6
72266887,aeps-01107362-Parcela Benjamin Ramírez,uuid:a1af40e1-6210-4b9e-8b95-cd2b8a3f57a0/plot[1],6
72266887,aeps-01139554-Parcela Enrique Balladares,uuid:165c7ef5-34c7-4e3f-a4ee-95c460fc5c7e/plot[1],6
72266887,aeps-01141343-Fundo Rogelio Jimenez,uuid:1ad9f30f-2b44-449c-93e8-58acf450945d/plot[1],6
72266887,aeps-01141553-Parcela Hilario alberca,uuid:b5dc603b-5372-4cdd-8dbb-ee8f631c372d/plot[1],6
72266887,aeps-01141597-Parcela Teófilo huanca,uuid:fcc73a86-93ff-4208-b1d4-0266d1ec2a64/plot[1],6
72266887,aeps-01141707-Parcela pascual teran,uuid:f01fe0da-bc83-4666-9b1a-6a87fea434f7/plot[1],6
72266887,aeps-01148382-Parcela Jairo Bartra,uuid:3880d2dc-983f-469a-bc17-5cf5bf5f6083/plot[1],6
72266887,aeps-01156800-Parcela Rafael cohe,uuid:3103b814-69eb-4435-9dfe-e1886deab953/plot[1],6
72266887,aeps-01160652-Parcela Yerson Gormas,uuid:7df7c123-c978-4c1a-8972-7de2b90f333d/plot[1],6
72266887,aeps-01166118-Parcela carmelino garcia,uuid:07416bdc-ea1b-4b9f-a9cd-cb8fa42bde31/plot[1],6
72266887,aeps-01166490-Yanela,uuid:d06a66d0-3365-401a-bab0-565f2cac32d0/plot[1],6
72266887,aeps-03080692-Parcela fermin,uuid:b0c2c260-21d0-4e58-b36f-a18a8bf4da04/plot[1],6
72266887,aeps-03091203-Parcela carmen,uuid:6e9aa37e-339d-4084-a56c-50453b2eb8ef/plot[1],6
72266887,aeps-03127605-Parcela José serafín,uuid:0b9105e6-1a5a-45d8-a774-d0a4dc73c3c7/plot[1],6
72266887,aeps-18167869-Parcela Reinaldo cruzado,uuid:070d36b1-e11c-4d00-ba15-41b3bd51dc77/plot[1],6
72266887,aeps-21681662-Parcela Mercedes garcia,uuid:cfef5470-485d-42f7-aff7-aa3510bbc56e/plot[1],6
72266887,aeps-27414867-Parcela Catalino Rodríguez,uuid:82c0e88d-1841-4590-b79f-0e64220043dd/plot[1],6
72266887,aeps-27662914-Parcela Agustín goicochea,uuid:d6a3d39f-474d-40bc-be5a-1c543bddb215/plot[1],6
72266887,aeps-33588463-Parcela Arturo Malon,uuid:7604ce16-85e9-4c4f-88d9-96247d8b8ac7/plot[1],6
72266887,aeps-40047299-Parcela maguin García,uuid:9bb609f2-a69f-4685-929c-be4c6d36d933/plot[1],6
72266887,aeps-40372573-Parcela Arnaldo Suárez rivero,uuid:35604d85-10a9-4e9f-8d93-3919b16b9519/plot[1],6
72266887,aeps-40391213-Parcela Nemesio Vasquez,uuid:2209a688-dafa-493c-a3b2-91b68d3246bf/plot[1],6
72266887,aeps-40473477-Parcela Rodolfo manay,uuid:1ac9ec11-9710-4dae-aabe-7ab254f52768/plot[1],6
72266887,aeps-40671324-Parcela Hector cabos,uuid:cd7e2471-c158-4c88-aba2-28b2c4207e39/plot[1],6
72266887,aeps-41009544-Parcela leodoro garcia,uuid:93af38b6-bdc4-468f-a475-aa5718134594/plot[1],6
72266887,aeps-41988124-Parcela egdar Córdoba,uuid:e6264923-8e75-4e5a-94f2-cc40ae7834ee/plot[1],6
72266887,aeps-42023346-Parcela geramin lopez,uuid:314d279b-b091-4972-9a19-e2f439130b7d/plot[1],6
72266887,aeps-42077803-Parcela Richar Chilon,uuid:da3ae1fe-a272-43e3-a7fd-0928952d66bf/plot[1],6
72266887,aeps-42142258-El porvenir Ricardo Vera,uuid:45d03ac5-e8e2-46a4-9dc8-dd68bd61c3f8/plot[1],6
72266887,aeps-42960355-Parcela Rafael valles,uuid:cb1af811-510f-4699-8349-fd0dc34f74cd/plot[1],6
72266887,aeps-43463744-Parcela Iván García,uuid:815febf7-1eaa-4937-a727-72d488aeaea4/plot[1],6
72266887,aeps-43887682-Parcela chamba,uuid:f7e9fd98-c461-4648-93a7-3f5a07f6cef5/plot[1],6
72266887,aeps-44072469-Parcela Andrés campos,uuid:34ceffc5-3da4-4fb2-8a2c-0d94884bcd22/plot[1],6
72266887,aeps-45072602-Parcela Edwin Rodríguez,uuid:90330f79-9510-454a-aff8-5ab5d04fc9f5/plot[1],6
72266887,aeps-45123999-Parcela Pedro perez,uuid:3e922672-27e3-4997-bf24-4f2495f17e9c/plot[1],6
72266887,aeps-45152167-Parcela Edulfo Jimenez,uuid:d014772c-9386-497e-9c81-f51f78335bb2/plot[1],6
72266887,aeps-45541562-Parcela Pedro tavera,uuid:4f711567-cc1e-4126-ae36-fed190add20e/plot[1],6
72266887,aeps-45934756-Parcela Luis ayala,uuid:16008421-111b-4999-b037-6809621cb3d6/plot[1],6
72266887,aeps-46714800-Parcela fabio,uuid:cb7824ba-2b39-4681-9076-6cf1482f91ab/plot[1],6
72266887,aeps-70014114-Parcela Augusto sinarahua,uuid:1a559354-9a27-4533-b4c9-b5c418b44f56/plot[1],6
72266887,aeps-70031369-Parcela jayo tapullima,uuid:6e7533ca-3fa2-4fd2-b69a-dabd8c25736b/plot[1],6
72266887,aeps-70037430-Parcela Erick ríos fasabi,uuid:285c9fcf-3bcf-45b5-a8fe-e5948d9b816f/plot[1],6
72266887,aeps-70037433-Parcela mauro Santiago,uuid:202503dd-c844-4fb1-b145-2a2584ea86bf/plot[1],6
72266887,aeps-70037449-Parcela erminio bocanegra,uuid:2009c4a6-21aa-43c5-88ec-a8cc9455c5f1/plot[1],6
72266887,aeps-70152284-Parcela Oswaldo marchena,uuid:44a1f634-539c-41c2-9179-535c858302c2/plot[1],6
72266887,aeps-71689975-Parcela Miguel ventanilla,uuid:1c8af14e-c777-433c-9a72-b47712d41e2e/plot[1],6
72266887,aeps-71778254-Parcela mayker aguirre,uuid:30306d96-2ff7-4695-9179-94510dcb6d5c/plot[1],6
72266887,aeps-72223136-Parcela Jose saldaña,uuid:98d361ee-627c-4755-8685-f602f68d9774/plot[1],6
72266887,aeps-73388366-Parcela Daniel Vasquez,uuid:21fa48a6-dedd-447f-8d4b-c5cc2c0a27fc/plot[1],6
72266887,aeps-73584612-La libertad José Luis,uuid:19ac0c66-65ff-452e-97a3-cbe8163102a5/plot[1],6
72266887,aeps-74202719-Parcela Jhon flores,uuid:7c1541f7-6bd9-4e1a-9181-b2603fd93c18/plot[1],6
72266887,aeps-78452743-Parcela Wilson nuñez,uuid:2efb5e6f-d69d-41fe-ace3-5c9925d31817/plot[1],6
72266887,aeps-80617407-Parcela joaquin Jiménez,uuid:a948aef8-5bfd-47bc-a1ec-5ed0ede12970/plot[1],6
72266887,aeps-80637351-Parcela Daniel jimenez,uuid:a34cd3cc-4801-4b4b-b031-cfa6331fcd0b/plot[1],6
