kind_document,document,name,last_name,cellphone,sex,municipality,address,email,ext_id
N,27689716,Francisco,Tarrillo Gonzales,0,m,1066,Alenya,,aeps-27689716-La palmera
N,27722378,Walter,Lopez Chumacero,0,m,1066,Bagua,,aeps-27722378-El algarrobo
N,33562441,Celestino,Cotrina Acosta,975817639,m,1066,Alenya,,aeps-33562441-La totora
N,33563399,Luis,Ramon Lopez,917861350,m,1066,Alenya,,aeps-33563399-Los huarangos
N,33669339,Julia,Bernardo nunez,0,f,1066,Bagua,,aeps-33669339-El sapote
N,41979820,Gilberto,Abad calderon,0,m,1066,Huarangopampa,,aeps-41979820-El coco
N,42195992,Jarol,Becerra Castaneda,931848428,m,1066,Huarangopampa,,aeps-42195992-El Jimbo
N,46788270,Royber,Huaman Carrero,961980682,m,1066,La papaya,,aeps-46788270-San pedro
N,80293593,Maximandro,Zamora Terrones,942270620,m,1066,San pedro La papaya,,aeps-80293593-El mango San pedro La papaya
N,26941182,Alcidez,Torres Rodrigues,980055901,m,1072,Jaguanga,,aeps-26941182-Las pampas
N,27440125,Edilberto,Libaque Burga,941987941,m,1072,Jaguanga,,aeps-27440125-Delgados
N,27662454,Esgardo,Troya Contreras,0,m,1072,Jaguanga,,aeps-27662454-Los patos
N,27709008,Homero,Campos Guevara,0,m,1072,Morerilla,,aeps-27709008-El potro
N,27732361,Pedro,Montenegro perez,0,m,1072,Morerilla,,aeps-27732361-Morerilla
N,33641494,Eduar,Hoyos Sanchez,928251037,m,1072,Morropon,,aeps-33641494-Morropon
N,336444691,Gerardo,Fernandez Chavez,0,m,1072,Jaguanga,,aeps-336444691-La Libertad
N,33644856,Elmer,Castro Leon,0,m,1072,Morropon,,aeps-33644856-Morropon
N,33664780,Segundo,Ramirez Guevara,0,m,1072,Jaguanga,,aeps-33664780-La puntulla
N,33665054,Selso,Clavo Culquipoma,941868942,m,1072,Bagua Grande,,aeps-33665054-Fundo Politi
N,33671122,Santiago,Tantalean Fernandez,957996167,m,1072,Morropon,,aeps-33671122-Canal 2
N,40693987,Pablo,Pena Jimenez,0,m,1072,Alenya,,aeps-40693987-Alenya
N,41752104,Anibal,Ticliahuanca Mendoza,0,m,1072,Cajaruro,,aeps-41752104-El troncal
N,41862645,Erinson,Tantalean Fernandez,93204737,m,1072,Jaguanga,,aeps-41862645-Las pampas
N,43506484,Gilder,Tantalean Campos,962622456,m,1072,Jaguanga,,aeps-43506484-Canal 1
N,44201370,Milciades,Toro Alvarado,984849917,m,1072,Jaguanga,,aeps-44201370-Limoncito
N,46367655,Javier Enrique,Garcia Bravo,993773981,m,1072,Jaguanga,,aeps-46367655-Canal 2
N,48010272,Rosita,Farceque santos,0,m,1072,Morropon,,aeps-48010272-Morropon
N,42216346,Juan Jaime,Pardo Villegas,942215321,m,1120,Plazas,,aeps-42216346-Antonio Cotrina
N,27680478,Francisco,Sanchez Tenorio,925643911,m,1124,Bellavista,,aeps-27680478-San Isidro
N,43111256,Leodan,Sanchez Ugaldez,928632613,m,1124,Tocaquillo,,aeps-43111256-Tocaquillo
N,27741249,Alfredo,Aguilar Arrieta,950081804,m,1125,Perico,,aeps-27741249-Los cocos
N,42987053,Humberto,Peralta Vera,920683030,m,1125,Morerilla,,aeps-42987053-San Nicolas
N,43187344,Raul,Delgado Aquino,0,m,1125,La Papaya,,aeps-43187344-Los Seivos
N,16439569,Wilson,Tejada Vasquez,947851650,m,1126,Utcubamba,,aeps-16439569-Morerilla baja
N,16731295,Victor,Odar Espejo,958515000,m,1126,Bellavista,,aeps-16731295-Castillo
N,26639838,Julio,Portilla,968105748,m,1126,Km 25 carretera Jaen San Ignasio,,aeps-26639838-El coco
N,27283599,Presbitero,Delgado Guevara,976799298,m,1126,Ayabaquita,,aeps-27283599-Michino
N,27289691,Juan Jose,Chavez Munos,928565126,m,1126,La Floresta,,aeps-27289691-La Esperanza
N,27424402,Norvil,Oblitas cusma,972659678,m,1126,Ayabaquita,,aeps-27424402-La sanora
N,27430414,Reynaldo,Fernandez gonzales,971096667,m,1126,Santa cruz,,aeps-27430414-Lola
N,27664410,Segundo,Alberca Santos,955893311,m,1126,Ayabaquita,,aeps-27664410-La vega
N,27665729,Ector,Carrion Troya,0,m,1126,San Lorenzo,,aeps-27665729-Esperanza 1
N,27670049,Javier,Cruz Montenegro,931676066,m,1126,Plazas,,aeps-27670049-Pancho
N,27671266,Aristedes,Pena Pena,94933209,m,1126,Sumba Alto,,aeps-27671266-La esperanza
N,27671977,Maria,Tenerio Collantes,976802420,m,1126,Shumba Alto,,aeps-27671977-El progreso
N,27672045,Teofilo,Delgado Cieza,930868015,m,1126,La floresta,,aeps-27672045-El faique
N,27674159,Walter,Pen pena,994454385,m,1126,Shumba Alto,,aeps-27674159-El frutal
N,27674180,Maria Amelida,Cieza Fernandez,0,f,1126,La floresta,,aeps-27674180-Sedaflor
N,27680284,Regulo,Sanchez Sanchez,928189937,m,1126,Bellavista,,aeps-27680284-La fortaleza-regulo
N,27680722,Epifanio,Correa Montenegro,0,m,1126,Santa cruz,,aeps-27680722-Paguillas
N,27680823,Julio,De la torre Navarro,975517566,m,1126,Santa Cruz,,aeps-27680823-Gotitas del manatial
N,27681591,Manuel,Peralta Saldana,0,m,1126,Monte grande,,aeps-27681591-San Isidro
N,27681737,Laura,Ocana Delgado,975517846,m,1126,Bellavista,,aeps-27681737-Bellavista viejo
N,27681854,Salomon,Peralta Guevara,976046023,m,1126,Santa Cruz,,aeps-27681854-La Naranja
N,27681867,Cesar,Delgado Vallejos,945248313,m,1126,Bellavista,,aeps-27681867-Morales
N,27682003,Victor,Delgado Marlo,969670987,m,1126,Bellavista,,aeps-27682003-El  algarrobo
N,27682066,Samuel,Olivos perez,996598592,m,1126,Santa Cruz,,aeps-27682066-Yaye
N,27682168,Willy,Pasco Vidal,976868863,m,1126,Bellavista,,aeps-27682168-Santa Barbara
N,27682277,Sixto,Sanchez Sanchez,939016349,m,1126,Santa cruz,,aeps-27682277-Bella Villa
N,27683098,Nilo german,Cayatopa Arce,955992972,m,1126,Santa cruz,,aeps-27683098-Sixto
N,27702389,Justiniano,Acuna Flores,961619035,m,1126,Linderos,,aeps-27702389-Agencia agraria
N,27702470,Manuel,Rojas Olivera,958820966,m,1126,Calle el bosque # 308 - Jaen,,aeps-27702470-Santa Ana El Pedal
N,27709533,Ramiro,Leonardo Lozano,938980228,m,1126,Ayabaquita,,aeps-27709533-El cerezo
N,27711780,Deciderio,Castaneda Delgado,976142031,m,1126,San Lorenzo,,aeps-27711780-San Carlos
N,27712321,Dimas,Santos Jimenez,976500313,m,1126,Cruce de Shumba,,aeps-27712321-Guayaquil
N,27712425,Juver,Peltroche delgado,988359130,m,1126,Linderos,,aeps-27712425-La granja
N,27714596,Abdias,Quispe Santa Cruz,968807195,m,1126,Shumba Alto,,aeps-27714596-Jimenez
N,27715816,Arvildo,Bravo Bravo,973883201,m,1126,Shumba Alto,,aeps-27715816-Avalos
N,27716034,Yolvi,Saldana Abad,0,m,1126,Ayabaquita,,aeps-27716034-El limon
N,27717355,Clemente,Elera Lopez,0,m,1126,Yanuyacu,,aeps-27717355-Parihuaman
N,27718560,Juan,Cueva Medina,963438714,m,1126,Santa cruz,,aeps-27718560-La Esperanza
N,27719421,Agustin,Hurtado Vasquez,917543236,m,1126,La floresta,,aeps-27719421-La fortuna
N,27725829,Alfredo,Campo Cruzado,939789934,m,1126,Bellavista,,aeps-27725829-Cotrina
N,27727487,Franco,Castillo Ubillus,970954420,m,1126,Linderos,,aeps-27727487-Elmer castro
N,27727983,Jaime Marino,Peralta Chavez,942984030,m,1126,Tororrume,,aeps-27727983-Tororrume
N,27730973,Elias,Abad Saavedra,984687950,m,1126,Ayabaquita,,aeps-27730973-El mango
N,27731816,Hugo,Peralta Palomino,976571364,m,1126,La Floresta,,aeps-27731816-San Jose
N,27736390,Miguel Angel,Delgado Requejo,976834540,m,1126,Bellavista,,aeps-27736390-El Zapato Herman
N,27737257,Fermin,Garcia Ventura,942516035,m,1126,Shumba Alto,,aeps-27737257-El triunfo
N,27737292,Jose Marcial,Yaye Herrera,925077121,m,1126,Bellavista viejo,,aeps-27737292-La Garcia
N,27737673,Armando,Ticlia Collantes,974093292,m,1126,Cruz de Chalpon,,aeps-27737673-El acerillo
N,27748094,Jose Luis,Aguilar Guerrero,910858436,m,1126,El triunfo,,aeps-27748094-Pampa grande
N,27752992,Jose carlos,Delgado Marlo,917043259,m,1126,Bellavista,,aeps-27752992-San Andres Plazas
N,27995820,Martin,Regalado Requejo,0,m,1126,San Isidro,,aeps-27995820-Laserillo San Isidro
N,33561102,Alejandro,Delgado Vega,0,m,1126,La Papaya,,aeps-33561102-San Lorenzo
N,33568893,Elisvan,Delgado Canillas,941866122,m,1126,Huarangopampa,,aeps-33568893-Santa Isabel
P,33588305,Jhimy manuel,Salazar Lujano,938568247,m,1126,Huarangopampa,,aeps-33588305-Santa Isabel
N,33591981,Mariano,Alberca Alberca,984540828,m,1126,La Papaya,,aeps-33591981-El algarrobo
N,33640007,Visitacion,Altamirano Rimarachin,0,m,1126,La versalla,,aeps-33640007-La almendra
N,33641112,Paulino,Vilchez Alvarado,973339591,m,1126,Naranjitos,,aeps-33641112-Sr. De los milagros Bagua
N,33641604,Pablo,Palmer Bernal,941733467,m,1126,San Lorenzo Bagua,,aeps-33641604-El pedregal
N,33642064,Narziso,Burga Diaz,942287553,m,1126,San lorenzo,,aeps-33642064-Pedregal
N,33667065,Guillermo,Villalobos Mego,937588759,m,1126,Naranjitos Alto,,aeps-33667065-Mi tesoro
N,33667783,Teofilo,Llanos Martines,944219085,m,1126,Santa Elena Bagua,,aeps-33667783-Ñunña honda
N,33673286,Dalila,Baras Collantes,978387014,f,1126,Mandingas bajo,,aeps-33673286-Los cocos
N,33678193,Wilmer,Bustamante Perez,941745482,m,1126,Mandingas,,aeps-33678193-Mi consuelo
N,40274485,Jose luis,Ocana Munos,0,m,1126,Bellavista,,aeps-40274485-Pedregal
N,40641965,Diler,Pasapera Pasapera,979400458,m,1126,Perico,,aeps-40641965-El limon
N,40993683,Aldo,Rocio Bravo,920616248,m,1126,Shumba bajo,,aeps-40993683-Rocio
N,41576091,Milton,Vega Ramoz,959989843,m,1126,Santa cruz,danyvegaramos@gmael.com,aeps-41576091-San gabriel
N,42257250,Jose,Bravo Cabrejos,948764076,m,1126,Jaen,,aeps-42257250-La ciruela
N,42455222,Enrrique,Sanchez Davila,920095939,m,1126,Plazas,,aeps-42455222-El limon
N,42488204,Luis Aguinaldo,Mestanza Caballero,966564701,m,1126,La papaya,,aeps-42488204-La papaya
N,42537473,Astolfo,Cruz Abad,0,m,1126,San Isidro,,aeps-42537473-Acosta
N,42587073,Robin,Concha Guerra,926174865,m,1126,San Agustin,,aeps-42587073-Teofilo
N,42591711,Felipe,Herrera Llaguenta,952514000,m,1126,Tocaquillo,,aeps-42591711-Angel Gomes
N,42856525,Lenin,Balderrama Rojas,937554087,m,1126,La Floresta,,aeps-42856525-Santa catalina
N,42983067,Juanito,Vasquez Torres,971997804,m,1126,Santa Elena,,aeps-42983067-San Juanito
N,43211525,Ulises,Altamirano Pardo,935517809,m,1126,La Versalla,,aeps-43211525-San Vernardo 1
N,43539007,Willan Guillermo,Villalobos Mori,978162365,m,1126,Naranjitos Alto,,aeps-43539007-Pez perdido
N,44032110,Zenaida,Lozano Sanchez,9539103986,f,1126,Linderos,,aeps-44032110-Yanuyacu
N,0,Noe,Paico Chinchay,0,m,1126,Yanuyacu,,aeps-44528081-El proyecto
N,45882271,Bernardo,Davila Uriarte,0,m,1126,Shumba Alto,,aeps-45882271-El pajuro
N,46722196,Neyser,Sanchez Guerrero,930866399,m,1126,Cruce Shumba,,aeps-46722196-El mango
N,47191258,Nelson,Pomachari Esparraga,916415127,m,1126,Tocaquillo,,aeps-47191258-El sauce
N,47842030,Yolanda,Carrillo chinguel,969979680,f,1126,La floresta,,aeps-47842030-El tesoro
N,47938232,Wilson,Copia Vera,965766613,m,1126,Mandingas bajo,,aeps-47938232-El mirador
N,48643782,Segundo,Cadenillas Bocanegra,950211613,m,1126,Naranjitos Alto,,aeps-48643782-Quiroz
N,70043707,Anderson,Elera Lozano,987233367,m,1126,Yanucayu,,aeps-70043707-Chanango
N,70081513,Luis Antonio,Segura Coto,910353938,m,1126,Naranjitos,,aeps-70081513-Santa Maria
N,76071924,Royer,Rojas Gavidia,995144520,m,1126,Shumba,,aeps-76071924-Meshe Vera
N,77094312,Jhan Carlo,Chavez Vega,921403303,m,1126,San agustin,,aeps-77094312-Algarrobal
N,77094312,Carlos,Vasquez vega,921403303,m,1126,La Floresta,,aeps-77094312-Solano
N,16711440,Saul,Davila Vidarte,942249464,m,1127,Jaguay,,aeps-16711440-Jaguay
N,27673981,Jose del carmen,Flores Torres,942977698,m,1127,Las Juntas,,aeps-27673981-El Choloque
N,27673981,Jose del carmen,Flores Torres,942977698,m,1127,Las juntas,,aeps-27673981-El choloque
N,27702516,Apolonio,Bravo Perales,928422726,m,1127,Cunia,,aeps-27702516-El limon
N,27718277,Wilmer,Pasapera Neyra,0,m,1127,Perico,,aeps-27718277-La Esperanza
N,27745089,Martin,Cordova Alberca,971618492,m,1127,El tablon,,aeps-27745089-Fundo Teodomiro
N,27750972,Jhimy,Febres Calle,27750972,m,1127,Tamborapa,,aeps-27750972-Santa Isabel
N,27826887,Gilmer Alejandro,Chavez Rafael,954953201,m,1127,Juan Velasco,,aeps-27826887-Juan Velasco
N,27849503,Senobio,Lazo Samaniego,921139155,m,1127,Juan Velasco,,aeps-27849503-El mango
N,40301109,Odilon,Porras Ocupa,974934716,m,1127,Jaguay,,aeps-40301109-Los cocos
N,40517025,Eduardo Walter,Diaz Vega,969594318,m,1127,Las juntas,,aeps-40517025-Los cocos
N,42022734,Fernando,Pasapera Gonzales,950919908,m,1127,Perico,,aeps-42022734-Aserrillo
N,43246379,Roger,Gonzales Castillo,948832919,m,1127,Perico,,aeps-43246379-Flor del arroz
P,43350797,Eli,Pena Castillo,0,m,1127,El triunfo,,aeps-43350797-El recuerdo
N,43559796,Jorge,Pasapera Neyra,980085090,m,1127,Perico,,aeps-43559796-Michino
N,46720368,Celso Javier,Coronado Rioja,957597138,m,1127,Carretera cerretera la catagua,,aeps-46720368-El Higueron
N,47080297,Wagner,Nunes flores,943105189,m,1127,Perico,,aeps-47080297-Mailo
N,71195125,Royber,Delgado Vasquez,0,m,1127,Juan Velasco,,aeps-71195125-El albarrobo
N,27754522,Olga Lidia,Coronel zavaleta,978910392,f,1128,Paijan,,aeps-27754522-Higuaguana
N,42004376,Santos Maria,Acosta Sanchez,997885147,f,1128,San Isidro,,aeps-42004376-Monte grande
N,40916101,Napoleon,Castro Manosalva,971157123,m,1129,Carretera Jaen-San Ignasio km. 21.5,,aeps-40916101-Fundo el triunfo
N,41970871,Edinson,Peralta Delgado,953175456,m,1129,Naranjitos,,aeps-41970871-SanJuan Bagua
N,48107827,Maria Alejandrina,Santos Lozada,951052582,m,1130,San Lorenzo,,aeps-48107827-La Lima
N,253862,Juan,Octavio meza,0,m,1190,Tucume,,aeps-00253862-Algarrobo
N,2820111,Abraham,Diaz Santibanez,0,m,1190,Chiclayo,,aeps-02820111-Rosario
N,6326262,Wilmer efren,Bernal carnero,0,m,1190,Chiclayo,,aeps-06326262-Punto F
N,6714664,Roger,Tarazona reyes,0,m,1190,Chiclayo,,aeps-06714664-Chanduvi
N,6811781,Abraham fabian,Acosta gonzales,0,m,1190,Chiclayo,,aeps-06811781-Nogales
N,10429954,Isabel,Rojas abanto,0,f,1190,Pomalca,,aeps-10429954-Boro II
N,16465784,Mercedes,Tiparra sanchez,0,m,1190,Chiclayo,,aeps-16465784-Carbin llanta
N,16521990,Luis,Salazar,0,m,1190,Jose Leonardo ortiz,,aeps-16521990-Chilope
N,16567662,Segundo,Lopez Jaramillo,0,m,1190,Picsi,,aeps-16567662-Corpa
N,0,Aurelio,Santisteban yerren,0,m,1190,Capote,,aeps-16568187-Horcon 1
N,16570664,Faustino,Taboada Jaramillo,0,m,1190,Picsi,,aeps-16570664-Cartagena
N,0,Pedro,Diaz araujo,0,m,1190,Capote,,aeps-16571524-Jarrin
N,17451840,Salvador,Perleche gelacio,0,m,1190,San luis,,aeps-17451840-Rosario
N,18189534,Ramiro Alberto,Abanto apoestegui,0,m,1190,Chiclayo,,aeps-18189534-Punto 6
N,27264082,Jose santos,Peres Ruiz,0,m,1190,Jose Leonardo ortiz,,aeps-27264082-Chilape
N,27384074,Fabricio,Heredia Fernandez,0,m,1190,Jose Leonardo ortiz,,aeps-27384074-Chilope
N,28224852,Cirilo,Abrego robles,0,m,1190,Pomalca,,aeps-28224852-Boro II
N,40347647,Rosa karina,Abarca gonzales,0,f,1190,Chiclayo,,aeps-40347647-Algarrobo
N,40407237,Fanny del pilar,Zuniga Rico,0,f,1190,Capote,,aeps-40407237-Horcon
N,40407237,Fany del pilar,Zuniga rico,0,f,1190,Capote,,aeps-40407237-Horcon II
N,41437098,Jose Alonso,Barboza delgado,0,m,1190,Chiclayo,,aeps-41437098-Nogales
N,42213997,Iris carolina,Galvez lopez,0,f,1190,Chiclayo,,aeps-42213997-El algarrobo
N,42825828,Franklin taylor,Mestanza constantino,0,m,1190,Pomalca,,aeps-42825828-Boro II
N,42877603,Rodil leodan,Cordova nunez,0,m,1190,Pomalca,,aeps-42877603-Boro II
N,43340990,Roger,Moncada munoz,0,m,1190,Chiclayo,,aeps-43340990-Chanduvi
N,45067695,Harrison armanda,Goicochea davila,0,m,1190,Pomalca,,aeps-45067695-Boro II
N,46296982,Leydi pamela,Rojas delgado,0,f,1190,Chiclayo,,aeps-46296982-Punto 6
N,46483163,Erika mercedes,Castro garcia,0,f,1190,Chiclayo,,aeps-46483163-Punto 6
N,46821663,Carlos augusto,Diaz pingo,0,m,1190,Chiclayo,,aeps-46821663-Punto 6
N,16571019,Francisco,Zuniga Serna,0,m,1191,Picsi,,aeps-16571019-Faicalito
N,16582386,Juan Isidro,Jaramillo huima,0,m,1191,Capote,,aeps-16582386-Capote
N,16640007,Filemon,Garcia diaz,0,m,1191,Ferreñafe,,aeps-16640007-Batangrande
N,17401238,Cesar humberto,Linares bocanegra,0,m,1191,Mamape,,aeps-17401238-Carrizo
N,17408185,Carlos Humberto,Racchumi casiano,0,m,1191,Ferreñafe,,aeps-17408185-Pitipo
N,17408712,Benicio,Paico sanchez,0,m,1191,Fala,,aeps-17408712-Fala
N,17413221,Victor,Escribano lluen,0,m,1191,Ferrenafe,,aeps-17413221-Soltin
N,17427249,Manuel,Quiroz De la cruz,0,m,1191,Juan gil,,aeps-17427249-Huerta
N,17428810,Juan,Quiroz De la Cruz,0,m,1191,Salvardor peña,,aeps-17428810-Papelillo
N,17429256,Baltazar,Sandoval guerrero,0,m,1191,Pueblo nuevo,,aeps-17429256-Soltin
N,17445817,Manuel Antonio,Macalopu manay,0,m,1191,Juan Manuel sencie,,aeps-17445817-Huamantanga
N,17446221,Luis Alberto,Quiroz millones,0,m,1191,Juan Manuel sencie,,aeps-17446221-Carpintero
N,17446477,Jose,Vilchez yampufe,979856678,m,1191,Salcedo pastor,,aeps-17446477-Fundo vilchez
N,17447281,Gonzalo,Fuentes morales,0,m,1191,Mesones muro,,aeps-17447281-Guanabal
N,17448091,Alejandro,Alva santolaya,0,m,1191,Ferreñafe,,aeps-17448091-Soltin
N,40418748,Edgardo Ruperto,Quiroz Yerren,0,m,1191,Juan gil,,aeps-40418748-Huerta
N,40736888,Celeste anabel,Martel Paniagua,0,f,1191,Pueblo nuevo,,aeps-40736888-Huerta
N,40926500,Jose Abraham,Quiroz ramos,979856678,m,1191,Manuel policarpio,,aeps-40926500-Carpa huamantanga
N,42029834,Juan,Quiroz suyon,979856678,m,1191,Juan gil,,aeps-42029834-Papelillo
N,44362174,Alan Hernando,Yerren Pantaleon,97986678,m,1191,Sector Huamantanga,,aeps-44362174-Carpa - Huamantanga
N,45850317,Michel,Acosta felix,0,m,1191,Salvador peña,,aeps-45850317-Huamantanga
N,46315203,Henry max,Romero cabrera,960067075,m,1191,Nicanor Carmona 723,,aeps-46315203-Piedra parada
N,72925857,Edher jesus,Maique Fernandez,0,m,1191,Juan gil,,aeps-72925857-Fala
N,80310410,Hector tito,Primo santisteban,0,m,1191,Manuel policarpio,,aeps-80310410-Sialupe
N,253162,Juan,Olivo meza,0,m,1192,Illimo,,aeps-00253162-El algarrobo
N,8864242,Zoila alejandra,Acosta boada,0,f,1192,Tucume,,aeps-08864242-Fangueadores
N,9181616,Rafale,Velasquez campos,0,m,1192,Tucume,,aeps-09181616-Punto 5
N,10393959,Erika,Castro aponte,0,f,1192,Tucume,,aeps-10393959-Puente A
N,16487655,Agustin,Regalado bustamante,0,m,1192,Illimo,,aeps-16487655-Arenal
N,0,Apolinario,Santisteban suclupe,0,m,1192,Lambayeque,,aeps-16577490-San german
N,17436737,Fidel Guillermo,Solari gonzales,0,m,1192,Tucume,,aeps-17436737-Punto 2
N,0,Victor,Chiroque ramos,0,m,1192,Carpa - huamantanga,,aeps-17520643-Carpa - huamantanga
N,17520812,Manuel,Pantaleon purizaca,0,m,1192,Sialupe,,aeps-17520812-Sialupe
N,17521885,Adelia,Chaponan vidaurre,0,f,1192,Pantaleón-huamantanga,,aeps-17521885-Pantaleon
N,17525758,Pablo,Morales Damian,979856678,m,1192,Carpa - huamantanga,,aeps-17525758-Carpa - huamantanga
N,17526442,Jose manuel,Damian agusto,0,m,1192,Lambayeque,,aeps-17526442-Damian
N,17530044,Juan,Yovera morales,0,m,1192,Sialupe,,aeps-17530044-Sialupe
N,17530497,Agustin,Santisteban montalvo,0,m,1192,Lambayeque,,aeps-17530497-San jose
N,17531427,Alejandro,Morales chaponan,0,m,1192,Carpa - huamantanga,,aeps-17531427-Carpa - huamantanga
N,17542194,Santos,Mesta Santisteban,0,m,1192,Morrope,,aeps-17542194-Llencala
N,17542194,Santos,Mesta Santisteban,0,m,1192,Sialupe - huamantanga,,aeps-17542194-Sialupe
N,17543397,Eduardo,Sencie musayon,0,m,1192,Lambayeque,,aeps-17543397-Llencala
N,17566610,Juan,Sanchez Santisteban,0,m,1192,Morrope,,aeps-17566610-Llencala
N,17566817,Esteban,Sanchez santisteban,0,m,1192,Sialupe,,aeps-17566817-Sialupe
N,17568512,Jose de la rosa,Tunoque Santisteban,0,m,1192,Morrope,,aeps-17568512-Quenosa
N,17639594,Pascual,Chaponan Chozo,0,m,1192,Carpa-huamantanga,,aeps-17639594-Carpa-huamantanga
N,17640805,Justo,Santisteban yovera,0,m,1192,Carpa,,aeps-17640805-Carpa - huamantanga
N,32989137,Teodora beatriz,Acosta salvador,0,f,1192,Tucume,,aeps-32989137-Fangueadores
N,40443072,Yuliana del rosario,Abarca salazar,0,f,1192,Illimo,,aeps-40443072-Los barrantes
N,40681390,Maria olga,Chiroque purizaca,0,f,1192,Carpa,,aeps-40681390-Carpa - huamantanga
N,41226261,Julio,Chaponan chozo,0,m,1192,Carpa-huamantanga,,aeps-41226261-Carpa-huamantanga
N,41787309,Elmer,Llontop huima,979856678,m,1192,Carpa,,aeps-41787309-Carpa - huamantanga
N,41823093,Diana paola,Acevedo Vargas,0,f,1192,Tucume,,aeps-41823093-Fangueadores
N,42780393,Derly luz,Ramos pocomicha,0,f,1192,Illimo,,aeps-42780393-El algarrobo
N,43078076,Blanca irene,Yerren Pantaleon,0,f,1192,Carpa - huamantanga,,aeps-43078076-Carpa - huamantanga
N,43078076,Blanca irene,Yerren pantaleon,0,f,1192,Carpa-huamantanga,,aeps-43078076-Carpa-huamantanga
N,0,Wagner,Flores mogollon,0,m,1192,Illimo,,aeps-43307478-El algarrobo
N,0,Luis alberto,Sanchez bances,0,m,1192,Sialupe,,aeps-45211824-Sialupe
N,45376949,Frank,Sernaque cortez,0,m,1192,Chiclayo,,aeps-45376949-Rosario
N,45381660,Gustavo,Gonzales reque,0,m,1192,Tucume,,aeps-45381660-Punto 2
N,45804052,Diego,Huaman padilla,0,m,1192,Tucume,,aeps-45804052-Arenal
N,45827291,Jose luis,Sanchez valdera,0,m,1192,Mareategui,,aeps-45827291-Sanchez
N,45940223,Elmer,Santisteban tunoque,0,m,1192,Carpa - huamantanga,,aeps-45940223-Carpa - huamantanga
N,71681034,Danac,Rojas iole,0,m,1192,Illimo,,aeps-71681034-Arenal
N,73489905,Franklym,Varillas salgas,0,m,1192,Tucume,,aeps-73489905-Tronco
N,77500212,Almendra,Chingo vargas,0,f,1192,Tucume,,aeps-77500212-Puente A
N,3474534,Reynaldo,Alvarado Lopez,978872271,m,1224,Calle Miguel Checa Parte alta Mallaritos,,aeps-03474534-Mallaritos
N,3491590,Pedro,Chira Castro,9999999999,m,1224,Av. Peru 120 Mallares,,aeps-03491590-Mallares
N,3496546,Edwin,Ramirez Silva,968176614,m,1224,Las Golondrinas Av. Panamericana,,aeps-03496546-Las Golondrinas
N,3496579,Carmen,Masa Silva,968803064,m,1224,Las Golondrinas Av. Panamericana,,aeps-03496579-Las Golondrinas
N,3561616,Juan,Flores Zapata,929227539,m,1224,Av. Panamericana - Centro Poblado Somate Bajo,,aeps-03561616-Maran
N,3562146,Maximo,Yarleque Mendoza,961075647,m,1224,Calle Balta 229,,aeps-03562146-Somate Bajo
N,3566519,Andres,Inga Rivas,986398117,m,1224,Av. Pedro Merino N°227 El Obrero,,aeps-03566519-Las Golondrinas
N,3567901,Cruz,Gutierrez Nunjar,997252258,m,1224,Sector Estadio S/N Centro Poblado Somate Bajo,,aeps-03567901-Somate Bajo
N,3567912,Santos,De la Cruz Arceles,942544117,m,1224,Av. Las Mercedes S/N Centro Poblado Somate Bajo,,aeps-03567912-Somate Bajo
N,3567920,Feliciano,Sandoval Silva,926094210,m,1224,Centeo Poblado Somate Bajo,,aeps-03567920-Somate Bajo
N,3570001,Carlos,Saavedra Quino,979860564,m,1224,Av. Las Mercedes S/N Centro Poblado Somate Bajo,,aeps-03570001-Somate Bajo
N,3570026,Manuel,Nunjar Dioses,999999999,m,1224,Calle Carlos Ligh S/N Somate Bajo,,aeps-03570026-Somate Bajo
N,3570094,Eduardo,Mendoza Rosales,921133638,m,1224,Somate Bajo s/N,,aeps-03570094-Somate Bajo
N,3570128,Escomel,Atoche Ramirez,920654674,m,1224,Somate Bajo S/N Av. Las Mercedes,,aeps-03570128-San Jorge
N,3572453,German,Mendoza Pacherrez,965999540,m,1224,Av. Las Mercedes S/N Centro Poblado Somate Somate,,aeps-03572453-Somate Bajo
N,3572456,Luis Felipe,Arbulu Mendoza,999999999,m,1224,Centro Poblado San Jorge,,aeps-03572456-Somate Bajo
N,3602130,Juan,Palacios Cueva,978931033,m,1224,Av. Las Mercedes S/N- Somate Bajo,,aeps-03602130-Somate Bajo
N,3603503,Isabel,Nunez Navarro,943721498,m,1224,Centro Poblado Chilaco Pelado S/N,,aeps-03603503-Somate Bajo
N,3605610,Victor,Ojeda Neyra,973097944,m,1224,Sector La Uva S/N Somate Bajo,,aeps-03605610-Somate Bajo
N,3607727,Victor Manuel,Zuniga Arbulu,944471874,m,1224,Calle Libertad 209 - Bellavista,,aeps-03607727-Somate Bajo
N,3614169,Jaime Arnulfo,Coronado Gonzales,942133527,m,1224,Av. Panamericana Barrio San Pedro Ignacio Escudero,,aeps-03614169-Ignacio Escudero
N,3614272,Raul,Zapata Mogollon,990553406,m,1224,Sector Angeles de Acapulco - Ignacio Escudero,,aeps-03614272-Ignacio Escudero
N,3614408,Hilario,Chiroque Villegas,927008072,m,1224,Calle 28 de Julio S/N - Ventarrones,,aeps-03614408-Ventarrones
N,3614413,Francisco,Carmen Chiroque,921157342,m,1224,Calle Tupac Amaru 112- Ventarrones,,aeps-03614413-Ventarrones
N,3614479,Cruz,Torres Socola,930350334,m,1224,Sector 1 Ventarrones,,aeps-03614479-Ignacio Escudero
N,3615169,Sixto,Vilchez Villegas,938236929,m,1224,Jr Sullana Santa Sofia,,aeps-03615169-Santa Sofia
N,3615908,Orlando,Castillo Coloma,999999999,m,1224,Sin información,,aeps-03615908-Ignacio Escudero
N,3616350,Vicente,Torres Gonzales,910155238,m,1224,Centro Poblado Ventarrones,,aeps-03616350-Ventarrones
N,3616351,Bernardo,Chorres Silva,928240650,m,1224,Calle La Quebrada - Ventarrones,,aeps-03616351-Ventarrones
N,3616354,Jacinto,Saldarriaga Sosa,931090804,m,1224,Av. Panamericana S/N - Ventarrones,,aeps-03616354-Ventarrones
N,3616362,Eugenio,Torres Valencia,976317785,m,1224,Ventarrones,,aeps-03616362-Ventarrones
N,3616459,Manuel,Fernandez Olivares,971351728,m,1224,Barrio San Martin 111 Ignacio Escudero,,aeps-03616459-Ignacio Escudero
N,3616615,Pedro Julio,Coronado Saldarriaga,916295344,m,1224,Av. Panamericana Norte N 20 Caserío San Juan de la Virgen (Ventarrones),,aeps-03616615-Ventarrones
N,3616634,Luis Alberto,Mechato Arcela,968337408,m,1224,Sector Tahuantinsuyo S/N Ignacio Escudero,,aeps-03616634-Ignacio Escudero
N,3616761,Donisio,Flores Colmenares,927515937,m,1224,Av. Grau 22 - Santa Sofia,,aeps-03616761-Santa Sofia
N,3617495,Juan,Poicon Alvinez,999999999,m,1224,25 de Enero - Ventarrones,,aeps-03617495-Ventarrones
N,3617979,Oscar,Zavala Sandoval,985054206,m,1224,Sector San Isidro 113 Ignacio Escudero,,aeps-03617979-Ignacio Escudero
N,3620630,Justo,Duran Bruno,995526160,m,1224,Barrio Miguel Checa Las Golondrinas,,aeps-03620630-Golondrinas
N,3622031,Pedro,Silva Ponce,920542538,m,1224,Calle Ramón Castilla 102 - Mallaritos,,aeps-03622031-Mallares
N,3622073,Orestes,Ruiz Villareal,960621348,m,1224,Sector San Martin 404 - Mallaritos,,aeps-03622073-La Quinta
N,3622077,Eugenio,Ruiz Reyes,975479876,m,1224,Calle Libertad N°174 Mallaritos,,aeps-03622077-Mallaritos
N,3622271,Luis,Castro Mauricio,969402444,m,1224,Av. Peru 103 - Mallares,,aeps-03622271-Mallares
N,3622409,Carlos,Luna Silva,985931570,m,1224,Calle Imperial - Mallares,,aeps-03622409-Mallares
N,3622673,Francisco,Sanchez Silva,978673780,m,1224,Calle Villa Hermosa 136 Caserio Mallares,,aeps-03622673-La Quinta
N,3622867,Irma,Herrera Jimenez,999769292,f,1224,Barrio La Victoria Caserio La Quinta,,aeps-03622867-La Quinta
N,3622928,Felipe Damian,Burgos Marinas,999999999,m,1224,Av. La Peruanidad S/N La Quinta,,aeps-03622928-La Quinta
N,3622977,Luis Alberto,Adanaque Valladolid,969547292,m,1224,Av. Peru 101Mallares,,aeps-03622977-Mallares
N,3623329,Marcos,Ruiz Chira,994546440,m,1224,Calle Grau 305 - Mallaritos,,aeps-03623329-Mallares
N,3623433,Alberto,Galecio Quispe,941935523,m,1224,Av. Peru 163 Mallares,,aeps-03623433-Mallares
N,3623958,Santos,Mejia Mejia,969258308,m,1224,Barrio Nueva Esperanza Caserio Sammah,,aeps-03623958-Golondrinas
N,3624130,Melanio,Castillo Calderon,974332630,m,1224,Calle Las Palmeras 108 Mallares,,aeps-03624130-Mallares
N,3624260,Segundo,Chero Colmenares,999999999,m,1224,Barrio Señor Cautivo Las Golondrinas,,aeps-03624260-Las Golondrinas
N,3624287,Cosme,Zapata Periche,969287165,m,1224,Barrio La Cancha caserio Las Golondrinas,,aeps-03624287-Golondrinas
N,3624368,Medardo,Ramirez Quispe,978794095,m,1224,Mallares Barrio Panamericana,,aeps-03624368-Golondrinas
N,3624508,Julio,Garcia Reyes,984271708,m,1224,Calle Lima 108 Mallaritos atrás del Coliseo Julio Mena Farfan,,aeps-03624508-Mallaritos
N,3624523,Estanislao,Saavedra Socola,926442849,m,1224,Av. Miguel Grau 055 - Monteron,,aeps-03624523-Las Golondrinas
N,3624579,Asuncion,Icanaque Ipanaque,974154159,m,1224,Nueva Esperanza Caserío La Quinta,,aeps-03624579-La Quinta
N,3624656,Raimundo,Jimenez Suarez,999999999,m,1224,Calle Jose Abelardo Quiñones N°5 - Monteron,,aeps-03624656-Las Golondrinas
N,3624664,Mario,Socola Mauricio,970873465,m,1224,Av. Miguel Grau 069 - Monteron,,aeps-03624664-Las Golondrinas
N,3624801,Jacinto,Alvarado Cobos,935659337,m,1224,Barrio La Victoria Caserio La Quinta,,aeps-03624801-La Quinta
N,3624997,Arnaldo,Atoche Lopez,935849968,m,1224,El Rosal N°102,,aeps-03624997-Mallaritos
N,3625211,Carlos,Ortiz Chavez,999999999,m,1224,Calle Salaverry N°136 Mallaritos,,aeps-03625211-La Quinta
N,3625413,Santos Dionisio,Mogollon Delgado,999999999,m,1224,Calle Jorge Chavez N°34 Mallaritos,,aeps-03625413-Mallaritos
N,3625434,Santos Oswaldo,Castillo Espinoza,947562281,m,1224,Calle Jorge Chaves 203 Mallaritos,,aeps-03625434-La Quinta
N,3625605,Agustin,Iman Chero,969653425,m,1224,Calle Miguel Checa Alta N°208 Mallaritos,,aeps-03625605-La Quinta
N,3625852,Salustiano,Garcia Atoche,977282471,m,1224,carretera panamericana norte 124 Mallares,,aeps-03625852-Mallares
N,3626011,Eugenio,Chero Silva,988908640,m,1224,Las Golondrinas Barrio Miguel Checa,,aeps-03626011-Las Golondrinas
N,3626069,Teodoro,Rosales Gomez,985098552,m,1224,Calle Ramon Castilla 149 - Mallaritos,,aeps-03626069-Mallares
N,3626138,Mario,Romero Carreno,9999999999,m,1224,Calle Grau N°209 Mallaritos,,aeps-03626138-La Bomba (6° N°1)
N,3626333,Gilberto,Correa Carreno,977772780,m,1224,Calle Miguel Checa caserio Mallaritos,,aeps-03626333-La Quinta
N,3626496,Jorge,Farias Alvarado,948937497,m,1224,Calle Jorge Chavez 105- Mallaritos,,aeps-03626496-Mallaritos
N,3626867,Luciano,Correa Castillo,974332630,m,1224,Calle Grau 109 - Mallaritos,,aeps-03626867-Mallares
N,3626878,Santos Franco,Villarreyes Carrasco,969567425,m,1224,Calle Las Mercedes Mallaritos,,aeps-03626878-Mallaritos
N,3626949,Felix,Murguia Espinoza,9999999999,m,1224,Miguel Checa Mallaritos,,aeps-03626949-Mallaritos
N,3627074,Pedro,Duran Bautista,950963488,m,1224,Barrio La Cancha - Las Golondrinas,,aeps-03627074-Las Golondrinas
N,3627084,Juan,Herrera Mechato,931789994,m,1224,Barrio Miguel Checa - Las Golondrinas,,aeps-03627084-Las Golondrinas
N,3627101,Alecio,Ordinola Atoche,921853224,m,1224,Barrio San Martin s/n Mallares,,aeps-03627101-Las Golondrinas
N,3627481,Esteban,Jimenez Gonzales,938946360,m,1224,Calle Bolognesi N°7 - Monteron - Las Golondrinas,,aeps-03627481-Las Golondrinas
N,3627538,Tomas,Requena Quevedo,999999999,m,1224,Calle San Miguel 106 - Mallaritos,,aeps-03627538-Mallares
N,3637323,Godofredo,Saldarriaga Aponte,973472459,m,1224,Centro Poblado Santa Rosa - Querecotillo,,aeps-03637323-Somate Bajo
N,3640015,Feliciano,Valencia Murguia,999999999,m,1224,Av. Panamericana Norte 614 Ignacio Escudero,,aeps-03640015-Ignacio Escudero
N,3640328,Jose,Dolores Sernaque,968450334,m,1224,Sin información,,aeps-03640328-Ignacio Escudero
N,3640385,Cruz,Garces Atoche,962552250,m,1224,Jr San Agustin 357-San Juan de la Virgen - Ventarrones,,aeps-03640385-Ventarrones
N,3640449,Luis,Socola Chavez,9999999999,m,1224,Calle Manuel Socola,,aeps-03640449-Ignacio Escudero
N,3640721,Francisco,Socola Chavez,921290413,m,1224,Calle María Auxiliadora - Ventarrones,,aeps-03640721-Ventarrones
N,3643779,Arturo,Covenas Renteria,959903807,m,1224,Calle Carlos Ligh S/N - Caserio Somate Bajo,,aeps-03643779-Somate Bajo
N,3644831,Amaru,Atoche Correa,910766649,m,1224,Calle Maria Auxiliadora- San Juan de la Virgen Ventarrones,,aeps-03644831-Ventarrones
N,3644862,Irene,Farias Rudenas,988765987,m,1224,San pedro Los Medanos - Ignacio Escudero,,aeps-03644862-Ignacio Escudero
N,3645394,Dionisio,Rivas Garces,918000287,m,1224,Barrio San Agustin Ignacio Escudero,,aeps-03645394-Ventarrones
N,3649591,Jose Jimy,Camacho Carreno,928577695,m,1224,Caserio Lourdes S/N -Somate Bajo,,aeps-03649591-Somate Bajo
N,3650659,Marco Antonio,Calderon Castillo,945726944,m,1224,El Barrio Buenos Aires - Sullana,,aeps-03650659-Mallaritos
N,3650772,Luis,Castillo Castillo,966540864,m,1224,Calle Las Americas - Mallares,,aeps-03650772-Mallares
N,3651342,Oscar,Pacherrez Flores,910292218,m,1224,Sector San Jorge - Somate Bajo,,aeps-03651342-Somate Bajo
N,3651605,Tomas,Vilchez Villegas,947463070,m,1224,Jr Sullana N°3 Barrio El Indio - Santa Sofia,,aeps-03651605-Santa Sofia
N,3651673,Jose Mario,Valverde Moran,945391862,m,1224,Calle Puno N°2 Santa Sofia,,aeps-03651673-Ignacio Escudero
N,3654566,Jacinto,Murguia Farias,9999999999,m,1224,Calle Ricardo Palma - Mallaritos,,aeps-03654566-Mallaritos
N,3656280,Santos Juan,Farias Sandoval,938225078,m,1224,Centro Poblado Ventarrones,,aeps-03656280-Ventarrones
N,3656298,Evaristo,Suncion Ayala,9999999999,m,1224,Calle Maria Auxiliadora San Juan de la Virgen Ignacio Escudero,,aeps-03656298-Ventarrones
N,3656320,Jose Eleodoro,Martinez Gonzales,999999999,m,1224,Calle Sanchez Cerro S/N - Ventarrones,,aeps-03656320-Ventarrones
N,3657337,Carlos Alberto,Ruiz Cespedes,969998033,m,1224,Barrio Nueva Esperanza Caserio La Quinta,,aeps-03657337-La Quinta
N,3659746,Felix,Vilchez Sullon,999999999,m,1224,Barrio San Miguel - Ignacio Escudero,,aeps-03659746-Ignacio Escudero
N,3669957,Carlos,Lupuche Alburquerque,935932114,m,1224,Sector Nueva Esperanza- Ventarrones,,aeps-03669957-Ventarrones
N,3671726,Franklin,Del Rosario Rosales,951603836,m,1224,Calle Los Almendros - Mallaritos,,aeps-03671726-Santa Sofia
N,3673674,Santos Bernardo,Ruiz Ruiz,938422796,m,1224,Barrio Mi Nueva Esperanza Las Golondrinas,,aeps-03673674-Las Golondrinas
N,3679362,Juan Carlos,Gutierrez Nunjar,931815700,m,1224,Centro Poblado Somate Somate,,aeps-03679362-Somate Bajo
N,3679421,Melquiades,Chiroque More,99999999999,m,1224,San Juan de la Virgen calle Ignacio Merino,,aeps-03679421-Ignacio Escudero
N,3679498,Roberto,Dioses Duran,970019270,m,1224,Anexo San Jose - Ignacio Escudero,,aeps-03679498-Ignacio Escudero
N,3680116,Erlo Edson,Gomez Carreno,953699927,m,1224,Calle Piura 304 - Mallaritos,,aeps-03680116-Mallares
N,3686640,Ernesto,Socola Correa,927510384,m,1224,Av. Circunvalación s/n. San Juan de la Virgen Ignacio Escudero,,aeps-03686640-Ventarrones
N,3686683,Jose Ernesto,Gonzales Zapata,990351013,m,1224,Asentamiento Humano 7 de junio Santa Sofia,,aeps-03686683-Santa Sofia
N,3686965,Luid Alberto,Marinas Garcia,978516443,m,1224,Barrio La Victoria Caserio La Quinta,,aeps-03686965-La Quinta
N,3688360,Santos Ricardo,Reyes Zapata,964042555,m,1224,Calle Grau N°21- Santa Sofia,,aeps-03688360-Santa Sofia
N,3690114,Wilmer,Oliva Mendoza,971774898,m,1224,Centro Poblado Somate Bajo,,aeps-03690114-Somate Bajo
N,3690565,Carlos,Carrillo Cruz,938433782,m,1224,Av. Panamericana Barrio San Miguel - Ignacio Escudero,,aeps-03690565-Ignacio Escudero
N,3691431,Catalino,Yacila Calderon,916871256,m,1224,Barrio Nueva Esperanza Saman,,aeps-03691431-Las Golondrinas
N,3691952,Clever,Severino Canales,939342329,m,1224,Somate Bajo Av. Las Mercedes,,aeps-03691952-Somate Bajo
N,3879821,Julio Cesar,Rosales Dominguez,948741498,m,1224,Centro Poblado Somate Bajo,,aeps-03879821-Somate Bajo
N,3880042,Carlos,Silva Sandoval,917281398,m,1224,Barrio La Victoria Caserio La Quinta,,aeps-03880042-La Quinta
N,3880312,Faustino,Temoche Macalopu,925582142,m,1224,San Juan de la Virgen - Ventarrones,,aeps-03880312-Ventarrones
N,27382259,Victor,Guevara Sanchez,955620205,m,1224,Barrio San Pedro calle Inca Garcilazo de la Vega Ignacio Escudero,,aeps-27382259-Ignacio Escudero
N,27430282,Erminio,Requejo Sulueta,949599257,m,1224,Calle Villa Primavera -Ignacio Escudero,,aeps-27430282-Ignacio Escudero
N,30426577,Jose Julian,Vera Taco,999999999,m,1224,Calle Las Mercedes S/N San Jorge,,aeps-30426577-Somate Bajo
N,33649194,Limber,Mori Mori,966076569,m,1224,San Jorge S/N - Somate Bajo,,aeps-33649194-Santa Angela
N,33677122,Anibal,Vasquez Peralta,949472114,m,1224,Av. Panamericana 303 Mallares,,aeps-33677122-Mallares
N,40219299,Edwin,Curay Silva,999999999,m,1224,Calle Grau Cuadra 2 - Mallaritos,,aeps-40219299-Mallaritos
N,40258642,Leonardo,Murguia Ponce,988757323,m,1224,Ricardo Palma s/n Marcavelica,,aeps-40258642-Mallaritos
N,40268752,Grabiel,Palacios Silva,937688861,m,1224,Av. Miguel Grau Las Golondrinas,,aeps-40268752-Las Golondrinas
N,40299392,Ronald,Pinzon Saldarriaga,921147086,m,1224,San Juan de La Virgen calle Universidad Ventarrones,,aeps-40299392-San Ignacio Escudero
N,40488489,Carlos,Quevedo Silva,985469954,m,1224,Barrio El Puente Caserio La Quinta,,aeps-40488489-La Quinta
N,40792805,Elvis,Sanchez Gonzales,929851283,m,1224,Las Golondrinas s/n,,aeps-40792805-Las Golondrinas
N,40831168,Jesus Alexander,Rueda Leon,973449626,m,1224,Somate Bajo S/N,,aeps-40831168-Maran
N,41099548,Carlos,Mendoza Oliva,973759986,m,1224,Somate Bajo - atrás de Iglesia Virgen de las Mercedes,,aeps-41099548-Santa Angela
N,41302941,Reinerio,Campos Fernandez,958029381,m,1224,Desvio Ignacio escudero,,aeps-41302941-Ignacio Escudero
N,41739467,Javier,Fernandez Yarleque,973067045,m,1224,Somate Bajo S/N,,aeps-41739467-Maran
N,41790631,Benito,Montero Crisanto,945000434,m,1224,Barrio Señor de los Milagros Caserio Las Golondrinas,,aeps-41790631-Golondrinas
N,41813272,Armando,Chero Montero,937643971,m,1224,Las Golondrinas Barrio Nueva esperanza,,aeps-41813272-Las Golondrinas
N,42539274,Jose Santos,Reyes Arcela,976748494,m,1224,San Pedro sector Fatima - Ignacio Escudero,,aeps-42539274-Ignacio Escudero
N,43049107,Tomas,Duran Villegas,999999999,m,1224,Barrio Miguel Checa,,aeps-43049107-Las Golondrinas
N,43812079,Magdiel,Macalopu Mora,956684720,m,1224,Calle Nueva Esperanza Las Golondrinas,,aeps-43812079-Golondrinas
N,44247079,David,Coronado Carrillo,968445985,m,1224,Calle 28 de julio sector tahuantinsuyo ignacio Escudero,,aeps-44247079-Ignacio Escudero
N,44772134,Jorge Luis,Oliva Gonzales,917264162,m,1224,Somate Bajo Av. Las Mercedes,,aeps-44772134-Santa Angela
N,45313558,Catalino,Zapata Rosales,920694236,m,1224,Calle Grau 117 - Mallaritos,,aeps-45313558-Mallares
N,46395104,Juan Carlos,Nunura Crisanto,917602751,m,1224,Barrio Nueva Esperanza Las Golondrinas,,aeps-46395104-Las Golondrinas
N,47395718,Wilson,Guevara Lopez,949829580,m,1224,San Pedro- Garcilazo de la Vega 110 Ignacio Escudero,,aeps-47395718-Ignacio Escudero
N,76332460,Frank Edar,Castillo Maza,991813055,m,1224,Barrio Nueva Esperanza - Las Golondrinas,,aeps-76332460-Las Golondrinas
N,80314555,David,Mechato Infante,936438427,m,1224,San Pedro S/N Ignacio Escudero,,aeps-80314555-San Ignacio
N,80332880,Carlos Alberto,Mechato Infante,925881883,m,1224,Sectoe Tahuantinsuyo S/N - Ignacio Escudero,,aeps-80332880-Ignacio Escudero
N,80498831,Agustin,Vilchez Chero,999999999,m,1224,Calle San Jacinto Ignacio Escudero,,aeps-80498831-Ignacio Escudero
N,80598589,Segundo,Juarez Abad,910866849,m,1224,Somate Bajo El estadio,,aeps-80598589-Somate Bajo
N,80664520,Roberto,Ramos Huertas,938519719,m,1224,Barrio El señor cautivo Las Golondrinas,,aeps-80664520-Las Golondrinas
N,0,Eufemio,Fernandez,913021417,m,1240,Bellavista,,aeps-0-Fundo  Eufemio Fernández
N,0,Gabriel,Cochachin,949966059,m,1240,Alto Biavo Puerto Nuevo,,aeps-0-Fundo Cochachin
N,0,Salatiel,Bravo,942952603,m,1240,Carhuapoma,,aeps-0-Fundo Salatiel
N,0,Santos,Achaca cornejo,921436566,m,1240,Ledoy,,aeps-0-Fundo achaca
N,0,Chedi,Nunez,954951787,m,1240,Ledoy,,aeps-0-Fundo chedi
N,0,Cesar,Esquen,982595732,m,1240,Nuevo mundo,,aeps-0-Fundo esquen
N,0,Marcelino,Fernandez,978723934,m,1240,Nuevo mundo,,aeps-0-Fundo fernandez
N,0,Dante,Gamonal,948191437,m,1240,Nuevo mundo,,aeps-0-Fundo gamonal
N,0,Gabino,Carranza,9999999999,m,1240,Ledoy,,aeps-0-Fundo huallaga
N,0,Valentin,Huanca,942852803,m,1240,Vainillas,,aeps-0-Fundo huanca
N,0,Wilmer,Ocana,981682037,m,1240,Santa Elena alto biavo,,aeps-0-Fundo ocaña
N,0,Cayo,Valderrama,951503163,m,1240,Sector lateral carhuapoma,,aeps-0-Lateral Valderrama
N,0,Herminio,Fernandez medina,975782881,m,1240,Nuevo mundo,,aeps-0-Nuevo mundo Herminio fernandez
N,0,Edison estalyn,Carhuajulca delgado,945503013,m,1240,Bellavista,,aeps-0-Nuevo mundo stalyn
N,0,Beto,Rafael Fernandez,944943268,m,1240,Nuevo mundo,,aeps-0-Parcela Beto
N,0,Elmer,Castillo,972604495,m,1240,Alto Biavo Puerto Nuevo,,aeps-0-Parcela Castillo Elmer
N,0,Max,Cieza,966894772,m,1240,Alto Biavo barranca,,aeps-0-Parcela Cieza Max
N,0,Galeno,Rengifo,921184954,m,1240,Caserio la union,,aeps-0-Parcela Galeno Rengifo
N,0,Cesar,Gamonal campos,984670292,m,1240,Ledoy,,aeps-0-Parcela Gamonal Cesar
N,0,Pedro,Hernandes Cueva,999422954,m,1240,Bellavista,,aeps-0-Parcela Hernandez Pedro
N,0,Itaniel,Nunes,942800335,m,1240,Carhuapoma,,aeps-0-Parcela Itaniel
N,0,Julio,Perez,917923256,m,1240,Caserío la unión,,aeps-0-Parcela Julio Pérez
N,0,Jose,Olivera,999625869,m,1240,La union,,aeps-0-Parcela Olivera
N,0,Pedro,Jimenez,995187682,m,1240,San Jose,,aeps-0-Parcela Pedro Jimenez
N,0,Harol,Tafur lavi,921745443,m,1240,Santa Catalina,,aeps-0-Parcela Tafur Harol
N,0,Aristides,Rafael Fernandez,949913529,m,1240,Caserío Nuevo Mundo,,aeps-0-Parcela aricho rafael
N,0,Geyner,Succe,950978855,m,1240,Nuevo mundo,,aeps-0-Succe
N,0,Alexandro,Pinedo satalaya,0,m,1240,Caserío cusco,,aeps-000-Parcela Alexandro pinedo
N,0,Alexis,Mozombite,0,m,1240,Caserio dos unidos,,aeps-000-Parcela Alexis mozombite
N,0,Brayan,Mendoza angulo,965742621,m,1240,Caserío abancay,,aeps-000-Parcela Brayan Mendoza angulo
N,0,Kevin,Rivera ruiz,0,m,1240,Caserío cusco,,aeps-000-Parcela Kevin rivera
N,0,Miguel,Jimenez tuesta,0,m,1240,Caserío dos unidos,,aeps-000-Parcela Miguel jimenez
N,0,Ruben,Rios lopez,0,m,1240,Caserio Cusco,,aeps-000-Parcela Rubén rios
N,0,Mariano,Guerra vela,0,m,1240,Caserio Abancay,,aeps-000-Parcela mariano guerra
N,0,Narciso,Pinedo gonzales,0,m,1240,Caserio Abancay,,aeps-000-Parcela narciso pinedo
N,0,Pedro,Rojas,0,m,1240,Caserio dos unidos,,aeps-000-Parcela pedro rojas
N,0,Wilton,Montenegro,0,m,1240,Vainillas,,aeps-0000-Fundo montenegro
N,0,Cesar,Zapata tuanama,0,m,1240,Caserío Cusco,,aeps-0000-Parcela César zapata
N,0,Erick,Ruiz torres,0,m,1240,Caserío abancay,,aeps-0000-Parcela Erick Ruiz rorres
N,0,Jackson,Sandoval estrella,999999,m,1240,Caserío Cusco,,aeps-0000-Parcela Jackson estrella
N,0,Richar,Ruiz pisco,0,m,1240,Caserío abancay,,aeps-0000-Parcela Richar Ruiz pisco
N,0,Romel,Santamaria rios,0,m,1240,Caserío dos unidos,,aeps-0000-Parcela Romel Santamaria
N,0,Adan,Rodriguez saldana,0,m,1240,Caserío abancay,,aeps-0000-Parcela adan rodriguez
N,0,Jose,Palacios,993880983,m,1240,Vainillas,,aeps-0000000-Fundo palacios
N,0,Dolores,Guevara,9999999999,m,1240,Carhuapoma,,aeps-00000000-Carhuapoma Dolores Guevara
N,0,Cesar,Guevara,950093243,m,1240,Carhuapoma,,aeps-00000000-Parcela César Guevara
N,326587,Guido,Armas,0,m,1240,Caserío barranca,,aeps-00326587-Parcela Guido armas
N,480828,Artidoro,Ventura sanchez,0,m,1240,Caserío barranca,,aeps-00480828-Parcela artidoro ventura
N,567443,Fredy,Romero rios,0,m,1240,Caserío dos unidos,,aeps-00567443-Parcela Fredy romero
N,765438,Gagarin,Jimenez,0,m,1240,Caserío barranca,,aeps-00765438-Parcela Gagarin Jiménez
N,844990,Roger,Vela angulo,0,m,1240,Caserío caribe San Pablo,,aeps-00844990-Parcela Roger vela
N,869074,Adan,Miranda bautista,942486916,m,1240,Distrito de San Pablo,,aeps-00869074-Parcela Adán miranda
N,869717,Juan,Meza jamanco,0,m,1240,Caserío caribe San Pablo,,aeps-00869717-Parcela Juan Meza
N,871556,Juan,Ganosa perez,0,m,1240,Centro america,,aeps-00871556-Parcela juan ganosa
N,872234,Rogerlan,Rivera silva,0,m,1240,Caserío caribe San pablo,,aeps-00872234-Parcela rogerlan rivera silva
N,872610,Felix,Penha cabrera,957537725,m,1240,Consuelo,,aeps-00872610-Parcela Félix peña cabrera
N,873727,Felipe,Sangama navarro,0,m,1240,Caserío centro América,,aeps-00873727-Parcela Felipe sangama navarro
N,873731,Raul,Campos diaz,0,m,1240,Consuelo,,aeps-00873731-Parcela Raul campos
N,874265,Juan,Tejada,0,m,1240,Caserío santa elena,,aeps-00874265-Parcela Juan tejada
N,874505,Salustino,Cardenas rengifo,0,m,1240,Centro América,,aeps-00874505-Parcela salastino cardenas
N,874815,Ramiro,Gonzales silva,0,m,1240,Caserío caribe San Pablo,,aeps-00874815-Parcela Ramiro González
N,875018,Wilson,Guerrero del aguila,0,m,1240,Centro america,,aeps-00875018-Parcela Wilson guerrero del aguila
N,875458,Darwin,Vasques vasquez,941935552,m,1240,Caserío florida,,aeps-00875458-Parcela Darwin Vasquez
N,875577,Augusto,Del aguila,0,m,1240,Caserio santa elena,,aeps-00875577-Parcela Augusto del águila
N,876592,Martin,Acosta,0,m,1240,Caserío dos unidos,,aeps-00876592-Parcela Martin acosta
N,884250,Harrison,Alvarado,0,m,1240,Caserío José pardo,,aeps-00884250-Parcela Harrison alvarado
N,885728,Manuel,Sajami navarro,942904624,m,1240,Caserío caribe San pablo,,aeps-00885728-Parcela Manuel sajami
N,885753,Marcelo Macedo sinti,Macedo sinti,0,m,1240,Caserío José pardo,,aeps-00885753-Parcela Marcelo macedo
N,886232,Eugenio,Perez perez,942442097,m,1240,Consuelo,,aeps-00886232-Parcela Eugenio Pérez
N,889024,Pedro,Rodriguez cajo,0,m,1240,Ledoy,,aeps-00889024-Parcela pedro Rodríguez
N,924009,Ezequiel,Ambulay,980888259,m,1240,Distrito de San pablo,,aeps-00924009-Parcela Ezequiel ambulay
N,981245,Armando,Rivero,934675124,m,1240,Caserío dos unidos,,aeps-00981245-Parcela armando rivero
N,1073608,Anibal,Salinas cueva,942681342,m,1240,Caserío caribe San Pablo,,aeps-01073608-Parcela Aníbal salinas
N,1081464,Julian,Tenazoa rodriguez,973790601,m,1240,San Pablo,,aeps-01081464-Parcela Julián tenazoa
N,1107362,Benjamin,Ramirez Vasquez,0,m,1240,Caserío caribe San Pablo,,aeps-01107362-Parcela Benjamin Ramírez
N,1139554,Enrique,Balladares lozano,973855923,m,1240,Caserío florida,,aeps-01139554-Parcela Enrique Balladares
N,1141597,Teofilo,Huanca raymundo,0,m,1240,Distrito de San Pablo,,aeps-01141597-Parcela Teófilo huanca
N,1148382,Jairo,Bartra rojas,0,m,1240,Caserío caribe San Pablo,,aeps-01148382-Parcela Jairo Bartra
N,1156800,Rafael,Cohe grandez,947412708,m,1240,Caserío florida,,aeps-01156800-Parcela Rafael cohe
N,1160652,Yerson,Gormas,42544390,m,1240,Limon,,aeps-01160652-Parcela Yerson Gormas
N,1166490,Nancy,Vera garrampie,949638145,f,1240,Santa Catalina,,aeps-01166490-Yanela
N,3127605,Jose serafin,Huayama garcia,0,m,1240,Caserío centro América,,aeps-03127605-Parcela José serafín
N,18167869,Reinaldo,Cruzado corrales,942896840,m,1240,Caserío florida,,aeps-18167869-Parcela Reinaldo cruzado
N,27414867,Catalino,Rodriguez Vasquez,0,m,1240,Caserío caribe San Pablo,,aeps-27414867-Parcela Catalino Rodríguez
N,33588463,Arturo,Malon caldas,942618829,m,1240,Caserio porvenir,,aeps-33588463-Parcela Arturo Malon
N,40047299,Maguin,Garcia campos,999,m,1240,Ledoy,,aeps-40047299-Parcela maguin García
N,40372573,Arnaldo,Suarez rivero,0,m,1240,Caserío caribe San pablo,,aeps-40372573-Parcela Arnaldo Suárez rivero
N,40391213,Nemesio,Vasquez Rivero,0,m,1240,Caserío caribe San Pablo,,aeps-40391213-Parcela Nemesio Vasquez
N,40473477,Rodolfo,Manay delgado,975615792,m,1240,Distrito de San pablo,,aeps-40473477-Parcela Rodolfo manay
N,41009544,Leodoro,Garcia gonza,0,m,1240,Caserío centro america,,aeps-41009544-Parcela leodoro garcia
N,42023346,Geramin,Lopez najar,0,m,1240,Caserío santa Elena,,aeps-42023346-Parcela geramin lopez
N,42077803,Richar,Arevalo Chilon,921436566,m,1240,San pablo,,aeps-42077803-Parcela Richar Chilon
N,42142258,Ricardo,Vera garrampie,999031189,m,1240,Santa catalina,,aeps-42142258-El porvenir Ricardo Vera
N,42960355,Rafael,Valles shuna,0,m,1240,Caserío centro América,,aeps-42960355-Parcela Rafael valles
N,43463744,Ivan,Garcia Jimenez,0,m,1240,Caserío centro america,,aeps-43463744-Parcela Iván García
N,44072469,Andres,Campos campos,0,m,1240,Caserio centro América,,aeps-44072469-Parcela Andrés campos
N,45072602,Edwin,Rodriguez celiz,0,m,1240,Caserío santa elena,,aeps-45072602-Parcela Edwin Rodríguez
N,45123999,Pedro,Perez,954909375,m,1240,Caserío porvenir,,aeps-45123999-Parcela Pedro perez
N,45541562,Pedro,Tavera rengifo,0,m,1240,Caserío caribe San Pablo,,aeps-45541562-Parcela Pedro tavera
N,45934756,Luis,Ayala,900,m,1240,Caserío santa catalina,,aeps-45934756-Parcela Luis ayala
N,70014114,Augusto,Sinarahua tapullima,0,m,1240,Caserío puerto nuevo,,aeps-70014114-Parcela Augusto sinarahua
N,70031369,Jayo,Tapullima isuiza,0,m,1240,Caserío puerto nuevo,,aeps-70031369-Parcela jayo tapullima
N,70037430,Erick,Rios fasabi,0,m,1240,Caserío abancay,,aeps-70037430-Parcela Erick ríos fasabi
N,70037433,Mauro,Santiago Garcia,0,m,1240,Caserío abancay,,aeps-70037433-Parcela mauro Santiago
N,70037449,Erminio,Bocanegra,0,m,1240,Caserío puerto nuevo,,aeps-70037449-Parcela erminio bocanegra
N,70152284,Oswaldo,Marchena,0,m,1240,Caserío dos unidos,,aeps-70152284-Parcela Oswaldo marchena
N,71689975,Miguel,Ventanilla requejo,0,m,1240,Caserío dos unidos,,aeps-71689975-Parcela Miguel ventanilla
N,71778254,Mayker,Aguirre ruiz,0,m,1240,Caserío dos unidos,,aeps-71778254-Parcela mayker aguirre
N,72223136,Jose,Saldana lopez,0,m,1240,Caserío dos unidos,,aeps-72223136-Parcela Jose saldaña
N,73388366,Daniel,Vasquez Rodriguez,0,m,1240,Caserío dos unidos,,aeps-73388366-Parcela Daniel Vasquez
N,73584612,Jose luis,Vera garrampie,935904064,m,1240,La libertad,,aeps-73584612-La libertad José Luis
N,74202719,Jhon,Flores Vasquez,0,m,1240,Caserío dos unidos,,aeps-74202719-Parcela Jhon flores
N,78452743,Wilson,Nunes rios,0,m,1240,Caserío dos unidos,,aeps-78452743-Parcela Wilson nuñez
N,0,Segundo,Altamirano,975467946,m,1246,Shimbillo,,aeps-0-Fundo Altamirano
N,0,Marcos,Mera,985708790,m,1246,San Hilarión,,aeps-0-Parcela Mera marcos
N,0,Ricardo,Jimenez,984524503,m,1246,Shimbillo,,aeps-0-Parcela Ricardo Jiménez
N,0,Joel,Santa cruz,943186367,m,1246,San hilarion,,aeps-0-Parcela Santacruz
N,0,Miguel,Garcia Jimenez,99999999,m,1246,Nuevo egipto,,aeps-00-Parcela Miguel garcia
N,0,Carlos,Rios armas,0,m,1246,Valle del ponasa,,aeps-000-Parcela Carlos rios
N,0,Harry,Munos rodriguez,999,m,1246,Valle del ponasa,,aeps-000-Parcela Harry muños
N,0,Jorge,Delgado sanchez,948565551,m,1246,Valle del ponasa,,aeps-000-Parcela Jorge delgado sanchez
N,0,Jorge,Pinedo torres,985437651,m,1246,Valle del ponasa,,aeps-000-Parcela Jorge pinedo
N,0,Jose fidel,Jimenes tello,925437865,m,1246,Valle del ponasa,,aeps-000-Parcela Jose Fidel
N,0,Nelson,Jimenez Cardenas,965543213,m,1246,Valle del ponasa,,aeps-000-Parcela Nelson jimenes
N,0,Tadeo,Padilla lizandro,954367865,m,1246,Valle del ponasa,,aeps-000-Parcela Tadeo padilla
N,0,Deiber,Mozombite tapullima,916289762,m,1246,Valle del ponasa,,aeps-000-Parcela deiver mozombite
N,0,Ludger,Sinarahua isuiza,963549291,m,1246,Valle del ponasa,,aeps-000-Parcela ludger sinarahua
N,0,Marcial,Guerra cieza,961327673,m,1246,Valle del ponasa,,aeps-000-Parcela marcial guerra
N,0,Rodolfo,Sabas Heredia,9999999,m,1246,Caserío shimbillo,,aeps-0000-Fundo Sabas Heredia
N,0,Eugenio,Abad Jimenez,999932927,m,1246,Valle del ponasa,,aeps-0000-Parcela Eugenio abad
N,0,Hubaldo,Vazquez Rengifo,968141849,m,1246,Cazpisapa,,aeps-0000-Parcela hubaldo Vázquez
N,0,Fabio,Mendoza,994406793,m,1246,Nuevo egipto,,aeps-00000-Parcela Fabio Mendoza
N,0,Juanito,Llanos vecerra,949778911,m,1246,Puerto rico,,aeps-000000-Parcela Juanito llanos
N,868319,Lusmila,Torres Jimenez,0,f,1246,Nuevo Egipto,,aeps-00868319-Parcela lusmila
N,1102139,Crisaida,Garcia Jimenez,99999,f,1246,Nuevo Egipto,,aeps-01102139-Parcela crisaida
N,1141343,Rogelio,Jimenez Jimenez,999999,m,1246,Nuevo Egipto,,aeps-01141343-Fundo Rogelio Jimenez
N,1141553,Hilario,Alberca Jimenez,0,m,1246,Nuevo Egipto,,aeps-01141553-Parcela Hilario alberca
N,1141707,Pascual,Teran Quispe,942937800,m,1246,Nuevo egipto,,aeps-01141707-Parcela pascual teran
N,1166118,Carmelino,Garcia Jimenez,954640803,m,1246,Nuevo egipto,,aeps-01166118-Parcela carmelino garcia
N,3080692,Fermin,Jimenez Jimenez,976073317,m,1246,Nuevo Egipto,,aeps-03080692-Parcela fermin
N,3091203,Carmen,Flores Jimenez,976073317,m,1246,Nuevo Egipto,,aeps-03091203-Parcela carmen
N,21681662,Mercedes,Garcia Jimenez,945687961,f,1246,Nuevo egipto,,aeps-21681662-Parcela Mercedes garcia
N,27290669,Jose,Guevara Tenorio,927554748,m,1246,Nva union,,aeps-27290669-La congona
N,27662914,Agustin,Goicochea cerna,0,m,1246,Nuevo egipto,,aeps-27662914-Parcela Agustín goicochea
N,40671324,Hector,Cabos malon,964574111,m,1246,Nuevo egipto,,aeps-40671324-Parcela Hector cabos
N,40686446,Armando,Cordova torres,956799901,m,1246,Jr peru s/n caserío nueva unión,,aeps-40686446-Nva esperanza
N,41988124,Edgar,Cordova campos,939044993,m,1246,Nuevo Egipto,,aeps-41988124-Parcela egdar Córdoba
N,43887682,Segundo,Chamba morales,969835280,m,1246,Nuevo Egipto,,aeps-43887682-Parcela chamba
N,45152167,Edulfo,Jimenez garcia,978447131,m,1246,Nuevo Egipto,,aeps-45152167-Parcela Edulfo Jimenez
N,46714800,Fabio,Huaman,921374048,m,1246,Caserío caribe San pablo,,aeps-46714800-Parcela fabio
N,80617407,Joaquin,Jimenez Jimenez,0,m,1246,Nuevo Egipto,,aeps-80617407-Parcela joaquin Jiménez
N,80637351,Daniel,Jimenez,0,m,1246,Caserío shimbillo,,aeps-80637351-Parcela Daniel jimenez
N,44201197,David,Grandez chasnamote,951506894,m,1248,Jr Cajamarca 122 tarapoto,David.grandez.tarapoto@gmail.com,uuid:02a9b9aa-9bc3-45dd-98c2-4b084d03656b
N,44528081,Waldemar,Estela Llanos,943212809,m,1126,Prolongacion lambayeque # 695,waldemarestelallanos@hotmail.com,uuid:63fa2950-6aa7-4343-b712-9bba32003d54
N,47185871,Wilmer Eduardo,Quiroz Lujan,979856678,m,1191,Juan gil,Eduardo31_7@hotmail.com,uuid:002c9344-a524-43aa-8571-a1a6f527345f
N,70618262,Darwin Steward,Huaman Ruiz,994546440,m,1255,Alipio Rosales Mz E lote 3,dstewardhuamanr@gmail.com,uuid:452bfd2c-225a-4c47-883e-6fccfee18c83
N,72266887,Dante Levine,Arevalo tananta,921615559,m,1240,Augusto b.leguia #410,dantelevinea@gmail.com,uuid:98f190d5-aac1-4514-84d0-1995d47e230d
